{
"lengthUnit": "mil",
"components": {
	"fields": ["COMPONENT_NO", "COMPONENT_NAME", "LAYER", "X_COORDINATE", "Y_COORDINATE", "ANGLE"],
	"rows": [
		[1, "D2", "B", 1455, 1455, 102],
		[2, "D3", "B", 2195, 1610, 102],
		[3, "D4", "B", 2930, 1755, 102],
		[4, "D5", "B", 3655, 1925, 102],
		[5, "D6", "B", 4425, 2065, 90],
		[6, "D7", "B", 5170, 1985, 90],
		[7, "D8", "B", 6290, 1975, 90],
		[8, "D9", "B", 1240, 645, 102],
		[9, "D10", "B", 1970, 800, 102],
		[10, "D11", "B", 2710, 955, 102],
		[11, "D12", "B", 3440, 1100, 102],
		[12, "D13", "B", 4215, 1250, 90],
		[13, "D14", "B", 4955, 1235, 90],
		[14, "D15", "B", 5710, 1235, 90],
		[15, "D16", "B", 6645, 1235, 90],
		[16, "D18", "B", 1585, -75, 102],
		[17, "D19", "B", 2325, 105, 102],
		[18, "D20", "B", 3055, 230, 102],
		[19, "D21", "B", 3795, 390, 102],
		[20, "D22", "B", 4560, 450, 90],
		[21, "D23", "B", 5310, 440, 90],
		[22, "D24", "B", 6535, 445, 90],
		[23, "D25", "B", 1385, -875, 102],
		[24, "D26", "B", 2110, -705, 102],
		[25, "D27", "B", 2845, -550, 102],
		[26, "D28", "B", 3570, -380, 102],
		[27, "D29", "B", 4355, -315, 90],
		[28, "D30", "B", 5095, -315, 90],
		[29, "D31", "B", 5870, -315, 90],
		[30, "D32", "B", 6915, -315, 90],
		[31, "D33", "B", 2170, -1465, 102],
		[32, "D36", "B", 3650, -1165, 102],
		[33, "D38", "B", 5110, -1015, 90],
		[34, "D39", "B", 5870, -1010, 90],
		[35, "D40", "B", 6610, -1010, 90],
		[36, "H1", "T", 1215, 85, 270],
		[37, "U2", "T", 1725, 1595, 12],
		[38, "U3", "T", 2460, 1750, 12],
		[39, "U4", "T", 3195, 1905, 12],
		[40, "U5", "T", 3925, 2060, 12],
		[41, "U6", "T", 4725, 2140, 0],
		[42, "U7", "T", 5470, 2055, 0],
		[43, "U8", "T", 6590, 2055, 0],
		[44, "U9", "T", 1515, 785, 12],
		[45, "U10", "T", 2250, 935, 12],
		[46, "U11", "T", 2985, 1095, 12],
		[47, "U12", "T", 3715, 1250, 12],
		[48, "U13", "T", 4515, 1365, 0],
		[49, "U14", "T", 5255, 1305, 0],
		[50, "U15", "T", 6005, 1305, 0],
		[51, "U16", "T", 6940, 1305, 0],
		[52, "U18", "T", 1855, 90, 12],
		[53, "U19", "T", 2590, 240, 12],
		[54, "U20", "T", 3320, 400, 12],
		[55, "U21", "T", 4055, 555, 12],
		[56, "U22", "T", 4860, 555, 0],
		[57, "U23", "T", 5615, 550, 0],
		[58, "U24", "T", 6830, 555, 0],
		[59, "U25", "T", 1645, -725, 12],
		[60, "U26", "T", 2375, -570, 12],
		[61, "U27", "T", 3110, -410, 12],
		[62, "U28", "T", 3845, -255, 12],
		[63, "U29", "T", 4650, -190, 0],
		[64, "U30", "T", 5400, -195, 0],
		[65, "U31", "T", 6165, -195, 0],
		[66, "U32", "T", 7210, -195, 0],
		[67, "U33", "T", 2445, -1325, 12],
		[68, "U36", "T", 3915, -1015, 12],
		[69, "U38", "T", 5410, -930, 0],
		[70, "U39", "T", 6170, -930, 0],
		[71, "U40", "T", 6910, -930, 0]
	]
},
"pins": {
	"fields": ["PIN_NO", "PIN_NAME", "PIN_X", "PIN_Y", "LAYER", "PIN_TYPE", "NET_NAME", "NET_TYPE", "PAD_SHAPE", "PAD_SIZEX", "PAD_SIZEY", "HOLE_SIZE", "PAD_ANGLE"],
	"rows": [
		[1, "D2_1", 1467.27, 1397.23, "B", "SMD", "ROW0", "", "R", 43.31, 43.31, 0, 282],
		[2, "D2_2", 1442.72, 1512.76, "B", "SMD", "$1N11903", "", "R", 43.31, 43.31, 0, 282],
		[3, "D3_1", 2207.27, 1552.23, "B", "SMD", "ROW0", "", "R", 43.31, 43.31, 0, 282],
		[4, "D3_2", 2182.72, 1667.76, "B", "SMD", "$1N11909", "", "R", 43.31, 43.31, 0, 282],
		[5, "D4_1", 2942.27, 1697.23, "B", "SMD", "ROW0", "", "R", 43.31, 43.31, 0, 282],
		[6, "D4_2", 2917.72, 1812.76, "B", "SMD", "$1N11915", "", "R", 43.31, 43.31, 0, 282],
		[7, "D5_1", 3667.27, 1867.23, "B", "SMD", "ROW0", "", "R", 43.31, 43.31, 0, 282],
		[8, "D5_2", 3642.72, 1982.76, "B", "SMD", "$1N11921", "", "R", 43.31, 43.31, 0, 282],
		[9, "D6_1", 4424.99, 2005.94, "B", "SMD", "ROW0", "", "R", 43.31, 43.31, 0, 270],
		[10, "D6_2", 4424.99, 2124.05, "B", "SMD", "$1N11927", "", "R", 43.31, 43.31, 0, 270],
		[11, "D7_1", 5169.99, 1925.94, "B", "SMD", "ROW0", "", "R", 43.31, 43.31, 0, 270],
		[12, "D7_2", 5169.99, 2044.05, "B", "SMD", "$1N11933", "", "R", 43.31, 43.31, 0, 270],
		[13, "D8_1", 6289.99, 1915.94, "B", "SMD", "ROW0", "", "R", 43.31, 43.31, 0, 270],
		[14, "D8_2", 6289.99, 2034.05, "B", "SMD", "$1N11939", "", "R", 43.31, 43.31, 0, 270],
		[15, "D9_1", 1252.27, 587.23, "B", "SMD", "ROW1", "", "R", 43.31, 43.31, 0, 282],
		[16, "D9_2", 1227.72, 702.76, "B", "SMD", "$1N12037", "", "R", 43.31, 43.31, 0, 282],
		[17, "D10_1", 1982.27, 742.23, "B", "SMD", "ROW1", "", "R", 43.31, 43.31, 0, 282],
		[18, "D10_2", 1957.72, 857.76, "B", "SMD", "$1N12042", "", "R", 43.31, 43.31, 0, 282],
		[19, "D11_1", 2722.27, 897.23, "B", "SMD", "ROW1", "", "R", 43.31, 43.31, 0, 282],
		[20, "D11_2", 2697.72, 1012.76, "B", "SMD", "$1N12048", "", "R", 43.31, 43.31, 0, 282],
		[21, "D12_1", 3452.27, 1042.23, "B", "SMD", "ROW1", "", "R", 43.31, 43.31, 0, 282],
		[22, "D12_2", 3427.72, 1157.76, "B", "SMD", "$1N12054", "", "R", 43.31, 43.31, 0, 282],
		[23, "D13_1", 4214.99, 1190.94, "B", "SMD", "ROW1", "", "R", 43.31, 43.31, 0, 270],
		[24, "D13_2", 4214.99, 1309.05, "B", "SMD", "$1N12076", "", "R", 43.31, 43.31, 0, 270],
		[25, "D14_1", 4954.99, 1175.94, "B", "SMD", "ROW1", "", "R", 43.31, 43.31, 0, 270],
		[26, "D14_2", 4954.99, 1294.05, "B", "SMD", "$1N12079", "", "R", 43.31, 43.31, 0, 270],
		[27, "D15_1", 5709.99, 1175.94, "B", "SMD", "ROW1", "", "R", 43.31, 43.31, 0, 270],
		[28, "D15_2", 5709.99, 1294.05, "B", "SMD", "$1N12082", "", "R", 43.31, 43.31, 0, 270],
		[29, "D16_1", 6644.99, 1175.94, "B", "SMD", "ROW1", "", "R", 43.31, 43.31, 0, 270],
		[30, "D16_2", 6644.99, 1294.05, "B", "SMD", "$1N12085", "", "R", 43.31, 43.31, 0, 270],
		[31, "D18_1", 1597.27, -132.77, "B", "SMD", "ROW2", "", "R", 43.31, 43.31, 0, 282],
		[32, "D18_2", 1572.72, -17.24, "B", "SMD", "$1N12061", "", "R", 43.31, 43.31, 0, 282],
		[33, "D19_1", 2337.27, 47.23, "B", "SMD", "ROW2", "", "R", 43.31, 43.31, 0, 282],
		[34, "D19_2", 2312.72, 162.76, "B", "SMD", "$1N12064", "", "R", 43.31, 43.31, 0, 282],
		[35, "D20_1", 3067.27, 172.23, "B", "SMD", "ROW2", "", "R", 43.31, 43.31, 0, 282],
		[36, "D20_2", 3042.72, 287.76, "B", "SMD", "$1N12067", "", "R", 43.31, 43.31, 0, 282],
		[37, "D21_1", 3807.27, 332.23, "B", "SMD", "ROW2", "", "R", 43.31, 43.31, 0, 282],
		[38, "D21_2", 3782.72, 447.76, "B", "SMD", "$1N12070", "", "R", 43.31, 43.31, 0, 282],
		[39, "D22_1", 4559.99, 390.94, "B", "SMD", "ROW2", "", "R", 43.31, 43.31, 0, 270],
		[40, "D22_2", 4559.99, 509.05, "B", "SMD", "$1N12073", "", "R", 43.31, 43.31, 0, 270],
		[41, "D23_1", 5309.99, 380.94, "B", "SMD", "ROW2", "", "R", 43.31, 43.31, 0, 270],
		[42, "D23_2", 5309.99, 499.05, "B", "SMD", "$1N12091", "", "R", 43.31, 43.31, 0, 270],
		[43, "D24_1", 6534.99, 385.94, "B", "SMD", "ROW2", "", "R", 43.31, 43.31, 0, 270],
		[44, "D24_2", 6534.99, 504.05, "B", "SMD", "$1N12088", "", "R", 43.31, 43.31, 0, 270],
		[45, "D25_1", 1397.27, -932.77, "B", "SMD", "ROW3", "", "R", 43.31, 43.31, 0, 282],
		[46, "D25_2", 1372.72, -817.24, "B", "SMD", "$1N12094", "", "R", 43.31, 43.31, 0, 282],
		[47, "D26_1", 2122.27, -762.77, "B", "SMD", "ROW3", "", "R", 43.31, 43.31, 0, 282],
		[48, "D26_2", 2097.72, -647.24, "B", "SMD", "$1N12097", "", "R", 43.31, 43.31, 0, 282],
		[49, "D27_1", 2857.27, -607.77, "B", "SMD", "ROW3", "", "R", 43.31, 43.31, 0, 282],
		[50, "D27_2", 2832.72, -492.24, "B", "SMD", "$1N12100", "", "R", 43.31, 43.31, 0, 282],
		[51, "D28_1", 3582.27, -437.77, "B", "SMD", "ROW3", "", "R", 43.31, 43.31, 0, 282],
		[52, "D28_2", 3557.72, -322.24, "B", "SMD", "$1N12103", "", "R", 43.31, 43.31, 0, 282],
		[53, "D29_1", 4354.99, -374.06, "B", "SMD", "ROW3", "", "R", 43.31, 43.31, 0, 270],
		[54, "D29_2", 4354.99, -255.95, "B", "SMD", "$1N12106", "", "R", 43.31, 43.31, 0, 270],
		[55, "D30_1", 5094.99, -374.06, "B", "SMD", "ROW3", "", "R", 43.31, 43.31, 0, 270],
		[56, "D30_2", 5094.99, -255.95, "B", "SMD", "$1N12109", "", "R", 43.31, 43.31, 0, 270],
		[57, "D31_1", 5869.99, -374.06, "B", "SMD", "ROW3", "", "R", 43.31, 43.31, 0, 270],
		[58, "D31_2", 5869.99, -255.95, "B", "SMD", "$1N12112", "", "R", 43.31, 43.31, 0, 270],
		[59, "D32_1", 6914.99, -374.06, "B", "SMD", "ROW3", "", "R", 43.31, 43.31, 0, 270],
		[60, "D32_2", 6914.99, -255.95, "B", "SMD", "$1N12120", "", "R", 43.31, 43.31, 0, 270],
		[61, "D33_1", 2182.27, -1522.77, "B", "SMD", "ROW4", "", "R", 43.31, 43.31, 0, 282],
		[62, "D33_2", 2157.72, -1407.24, "B", "SMD", "$1N12144", "", "R", 43.31, 43.31, 0, 282],
		[63, "D36_1", 3662.27, -1222.77, "B", "SMD", "ROW4", "", "R", 43.31, 43.31, 0, 282],
		[64, "D36_2", 3637.72, -1107.24, "B", "SMD", "$1N12135", "", "R", 43.31, 43.31, 0, 282],
		[65, "D38_1", 5109.99, -1074.06, "B", "SMD", "ROW4", "", "R", 43.31, 43.31, 0, 270],
		[66, "D38_2", 5109.99, -955.95, "B", "SMD", "$1N12129", "", "R", 43.31, 43.31, 0, 270],
		[67, "D39_1", 5869.99, -1069.06, "B", "SMD", "ROW4", "", "R", 43.31, 43.31, 0, 270],
		[68, "D39_2", 5869.99, -950.95, "B", "SMD", "$1N12126", "", "R", 43.31, 43.31, 0, 270],
		[69, "D40_1", 6609.99, -1069.06, "B", "SMD", "ROW4", "", "R", 43.31, 43.31, 0, 270],
		[70, "D40_2", 6609.99, -950.95, "B", "SMD", "$1N12123", "", "R", 43.31, 43.31, 0, 270],
		[71, "H1_1", 1165, 385, "T", "DIP", "COL0", "", "R", 66.93, 66.93, 43.31, 270],
		[72, "H1_1", 1165, 385, "B", "DIP", "COL0", "", "R", 66.93, 66.93, 43.31, 270],
		[73, "H1_2", 1265, 385, "T", "DIP", "COL7", "", "C", 66.93, 66.93, 43.31, 270],
		[74, "H1_2", 1265, 385, "B", "DIP", "COL7", "", "C", 66.93, 66.93, 43.31, 270],
		[75, "H1_3", 1165, 285, "T", "DIP", "COL1", "", "C", 66.93, 66.93, 43.31, 270],
		[76, "H1_3", 1165, 285, "B", "DIP", "COL1", "", "C", 66.93, 66.93, 43.31, 270],
		[77, "H1_4", 1265, 285, "T", "DIP", "ROW0", "", "C", 66.93, 66.93, 43.31, 270],
		[78, "H1_4", 1265, 285, "B", "DIP", "ROW0", "", "C", 66.93, 66.93, 43.31, 270],
		[79, "H1_5", 1165, 185, "T", "DIP", "COL2", "", "C", 66.93, 66.93, 43.31, 270],
		[80, "H1_5", 1165, 185, "B", "DIP", "COL2", "", "C", 66.93, 66.93, 43.31, 270],
		[81, "H1_6", 1265, 185, "T", "DIP", "ROW1", "", "C", 66.93, 66.93, 43.31, 270],
		[82, "H1_6", 1265, 185, "B", "DIP", "ROW1", "", "C", 66.93, 66.93, 43.31, 270],
		[83, "H1_7", 1165, 85, "T", "DIP", "COL3", "", "C", 66.93, 66.93, 43.31, 270],
		[84, "H1_7", 1165, 85, "B", "DIP", "COL3", "", "C", 66.93, 66.93, 43.31, 270],
		[85, "H1_8", 1265, 85, "T", "DIP", "ROW2", "", "C", 66.93, 66.93, 43.31, 270],
		[86, "H1_8", 1265, 85, "B", "DIP", "ROW2", "", "C", 66.93, 66.93, 43.31, 270],
		[87, "H1_9", 1165, -15, "T", "DIP", "COL4", "", "C", 66.93, 66.93, 43.31, 270],
		[88, "H1_9", 1165, -15, "B", "DIP", "COL4", "", "C", 66.93, 66.93, 43.31, 270],
		[89, "H1_10", 1265, -15, "T", "DIP", "ROW3", "", "C", 66.93, 66.93, 43.31, 270],
		[90, "H1_10", 1265, -15, "B", "DIP", "ROW3", "", "C", 66.93, 66.93, 43.31, 270],
		[91, "H1_11", 1165, -115, "T", "DIP", "COL5", "", "C", 66.93, 66.93, 43.31, 270],
		[92, "H1_11", 1165, -115, "B", "DIP", "COL5", "", "C", 66.93, 66.93, 43.31, 270],
		[93, "H1_12", 1265, -115, "T", "DIP", "ROW4", "", "C", 66.93, 66.93, 43.31, 270],
		[94, "H1_12", 1265, -115, "B", "DIP", "ROW4", "", "C", 66.93, 66.93, 43.31, 270],
		[95, "H1_13", 1165, -215, "T", "DIP", "COL6", "", "C", 66.93, 66.93, 43.31, 270],
		[96, "H1_13", 1165, -215, "B", "DIP", "COL6", "", "C", 66.93, 66.93, 43.31, 270],
		[97, "H1_14", 1265, -215, "T", "DIP", "H1_14", "", "C", 66.93, 66.93, 43.31, 270],
		[98, "H1_14", 1265, -215, "B", "DIP", "H1_14", "", "C", 66.93, 66.93, 43.31, 270],
		[99, "U2_1", 1929.46, 1835.6, "B", "SMD", "COL1", "", "R", 98.42, 98.42, 0, 192],
		[100, "U2_1", 1787.43, 1806.43, "T", "DIP", "COL1", "", "C", 128, 128, 118.11, 192],
		[101, "U2_1", 1787.43, 1806.43, "B", "DIP", "COL1", "", "C", 128, 128, 118.11, 192],
		[102, "U2_2", 1416.61, 1625.3, "B", "SMD", "$1N11903", "", "R", 98.42, 98.42, 0, 192],
		[103, "U2_2", 1560.48, 1662.09, "T", "DIP", "$1N11903", "", "C", 128, 128, 118.11, 192],
		[104, "U2_2", 1560.48, 1662.09, "B", "DIP", "$1N11903", "", "C", 128, 128, 118.11, 192],
		[105, "U2_3", 1727.22, 1594.28, "T", "DIP", "U2_3", "", "C", 170, 170, 157.48, 12],
		[106, "U2_3", 1727.22, 1594.28, "B", "DIP", "U2_3", "", "C", 170, 170, 157.48, 12],
		[107, "U2_4", 1534.66, 1553.33, "T", "DIP", "U2_4", "", "C", 78.74, 78.74, 68.9, 12],
		[108, "U2_4", 1534.66, 1553.33, "B", "DIP", "U2_4", "", "C", 78.74, 78.74, 68.9, 12],
		[109, "U2_5", 1919.76, 1635.19, "T", "DIP", "U2_5", "", "C", 78.74, 78.74, 68.9, 12],
		[110, "U2_5", 1919.76, 1635.19, "B", "DIP", "U2_5", "", "C", 78.74, 78.74, 68.9, 12],
		[111, "U3_1", 2664.46, 1990.6, "B", "SMD", "COL2", "", "R", 98.42, 98.42, 0, 192],
		[112, "U3_1", 2522.43, 1961.43, "T", "DIP", "COL2", "", "C", 128, 128, 118.11, 192],
		[113, "U3_1", 2522.43, 1961.43, "B", "DIP", "COL2", "", "C", 128, 128, 118.11, 192],
		[114, "U3_2", 2151.61, 1780.3, "B", "SMD", "$1N11909", "", "R", 98.42, 98.42, 0, 192],
		[115, "U3_2", 2295.48, 1817.09, "T", "DIP", "$1N11909", "", "C", 128, 128, 118.11, 192],
		[116, "U3_2", 2295.48, 1817.09, "B", "DIP", "$1N11909", "", "C", 128, 128, 118.11, 192],
		[117, "U3_3", 2462.22, 1749.28, "T", "DIP", "U3_3", "", "C", 170, 170, 157.48, 12],
		[118, "U3_3", 2462.22, 1749.28, "B", "DIP", "U3_3", "", "C", 170, 170, 157.48, 12],
		[119, "U3_4", 2269.66, 1708.33, "T", "DIP", "U3_4", "", "C", 78.74, 78.74, 68.9, 12],
		[120, "U3_4", 2269.66, 1708.33, "B", "DIP", "U3_4", "", "C", 78.74, 78.74, 68.9, 12],
		[121, "U3_5", 2654.76, 1790.19, "T", "DIP", "U3_5", "", "C", 78.74, 78.74, 68.9, 12],
		[122, "U3_5", 2654.76, 1790.19, "B", "DIP", "U3_5", "", "C", 78.74, 78.74, 68.9, 12],
		[123, "U4_1", 3399.46, 2145.6, "B", "SMD", "COL3", "", "R", 98.42, 98.42, 0, 192],
		[124, "U4_1", 3257.43, 2116.43, "T", "DIP", "COL3", "", "C", 128, 128, 118.11, 192],
		[125, "U4_1", 3257.43, 2116.43, "B", "DIP", "COL3", "", "C", 128, 128, 118.11, 192],
		[126, "U4_2", 2886.61, 1935.3, "B", "SMD", "$1N11915", "", "R", 98.42, 98.42, 0, 192],
		[127, "U4_2", 3030.48, 1972.09, "T", "DIP", "$1N11915", "", "C", 128, 128, 118.11, 192],
		[128, "U4_2", 3030.48, 1972.09, "B", "DIP", "$1N11915", "", "C", 128, 128, 118.11, 192],
		[129, "U4_3", 3197.22, 1904.28, "T", "DIP", "U4_3", "", "C", 170, 170, 157.48, 12],
		[130, "U4_3", 3197.22, 1904.28, "B", "DIP", "U4_3", "", "C", 170, 170, 157.48, 12],
		[131, "U4_4", 3004.66, 1863.33, "T", "DIP", "U4_4", "", "C", 78.74, 78.74, 68.9, 12],
		[132, "U4_4", 3004.66, 1863.33, "B", "DIP", "U4_4", "", "C", 78.74, 78.74, 68.9, 12],
		[133, "U4_5", 3389.76, 1945.19, "T", "DIP", "U4_5", "", "C", 78.74, 78.74, 68.9, 12],
		[134, "U4_5", 3389.76, 1945.19, "B", "DIP", "U4_5", "", "C", 78.74, 78.74, 68.9, 12],
		[135, "U5_1", 4129.46, 2300.6, "B", "SMD", "COL4", "", "R", 98.42, 98.42, 0, 192],
		[136, "U5_1", 3987.43, 2271.43, "T", "DIP", "COL4", "", "C", 128, 128, 118.11, 192],
		[137, "U5_1", 3987.43, 2271.43, "B", "DIP", "COL4", "", "C", 128, 128, 118.11, 192],
		[138, "U5_2", 3616.61, 2090.3, "B", "SMD", "$1N11921", "", "R", 98.42, 98.42, 0, 192],
		[139, "U5_2", 3760.48, 2127.09, "T", "DIP", "$1N11921", "", "C", 128, 128, 118.11, 192],
		[140, "U5_2", 3760.48, 2127.09, "B", "DIP", "$1N11921", "", "C", 128, 128, 118.11, 192],
		[141, "U5_3", 3927.22, 2059.28, "T", "DIP", "U5_3", "", "C", 170, 170, 157.48, 12],
		[142, "U5_3", 3927.22, 2059.28, "B", "DIP", "U5_3", "", "C", 170, 170, 157.48, 12],
		[143, "U5_4", 3734.66, 2018.33, "T", "DIP", "U5_4", "", "C", 78.74, 78.74, 68.9, 12],
		[144, "U5_4", 3734.66, 2018.33, "B", "DIP", "U5_4", "", "C", 78.74, 78.74, 68.9, 12],
		[145, "U5_5", 4119.76, 2100.19, "T", "DIP", "U5_5", "", "C", 78.74, 78.74, 68.9, 12],
		[146, "U5_5", 4119.76, 2100.19, "B", "DIP", "U5_5", "", "C", 78.74, 78.74, 68.9, 12],
		[147, "U6_1", 4975.02, 2332.83, "B", "SMD", "COL5", "", "R", 98.42, 98.42, 0, 180],
		[148, "U6_1", 4830.02, 2333.83, "T", "DIP", "COL5", "", "C", 128, 128, 118.11, 180],
		[149, "U6_1", 4830.02, 2333.83, "B", "DIP", "COL5", "", "C", 128, 128, 118.11, 180],
		[150, "U6_2", 4429.65, 2233.76, "B", "SMD", "$1N11927", "", "R", 98.42, 98.42, 0, 180],
		[151, "U6_2", 4578.02, 2239.83, "T", "DIP", "$1N11927", "", "C", 128, 128, 118.11, 180],
		[152, "U6_2", 4578.02, 2239.83, "B", "DIP", "$1N11927", "", "C", 128, 128, 118.11, 180],
		[153, "U6_3", 4727.02, 2138.83, "T", "DIP", "U6_3", "", "C", 170, 170, 157.48, 0],
		[154, "U6_3", 4727.02, 2138.83, "B", "DIP", "U6_3", "", "C", 170, 170, 157.48, 0],
		[155, "U6_4", 4530.16, 2138.82, "T", "DIP", "U6_4", "", "C", 78.74, 78.74, 68.9, 0],
		[156, "U6_4", 4530.16, 2138.82, "B", "DIP", "U6_4", "", "C", 78.74, 78.74, 68.9, 0],
		[157, "U6_5", 4923.86, 2138.82, "T", "DIP", "U6_5", "", "C", 78.74, 78.74, 68.9, 0],
		[158, "U6_5", 4923.86, 2138.82, "B", "DIP", "U6_5", "", "C", 78.74, 78.74, 68.9, 0],
		[159, "U7_1", 5720.02, 2247.83, "B", "SMD", "COL6", "", "R", 98.42, 98.42, 0, 180],
		[160, "U7_1", 5575.02, 2248.83, "T", "DIP", "COL6", "", "C", 128, 128, 118.11, 180],
		[161, "U7_1", 5575.02, 2248.83, "B", "DIP", "COL6", "", "C", 128, 128, 118.11, 180],
		[162, "U7_2", 5174.65, 2148.76, "B", "SMD", "$1N11933", "", "R", 98.42, 98.42, 0, 180],
		[163, "U7_2", 5323.02, 2154.83, "T", "DIP", "$1N11933", "", "C", 128, 128, 118.11, 180],
		[164, "U7_2", 5323.02, 2154.83, "B", "DIP", "$1N11933", "", "C", 128, 128, 118.11, 180],
		[165, "U7_3", 5472.02, 2053.83, "T", "DIP", "U7_3", "", "C", 170, 170, 157.48, 0],
		[166, "U7_3", 5472.02, 2053.83, "B", "DIP", "U7_3", "", "C", 170, 170, 157.48, 0],
		[167, "U7_4", 5275.16, 2053.82, "T", "DIP", "U7_4", "", "C", 78.74, 78.74, 68.9, 0],
		[168, "U7_4", 5275.16, 2053.82, "B", "DIP", "U7_4", "", "C", 78.74, 78.74, 68.9, 0],
		[169, "U7_5", 5668.86, 2053.82, "T", "DIP", "U7_5", "", "C", 78.74, 78.74, 68.9, 0],
		[170, "U7_5", 5668.86, 2053.82, "B", "DIP", "U7_5", "", "C", 78.74, 78.74, 68.9, 0],
		[171, "U8_1", 6840.02, 2247.83, "B", "SMD", "COL7", "", "R", 98.42, 98.42, 0, 180],
		[172, "U8_1", 6695.02, 2248.83, "T", "DIP", "COL7", "", "C", 128, 128, 118.11, 180],
		[173, "U8_1", 6695.02, 2248.83, "B", "DIP", "COL7", "", "C", 128, 128, 118.11, 180],
		[174, "U8_2", 6294.65, 2148.76, "B", "SMD", "$1N11939", "", "R", 98.42, 98.42, 0, 180],
		[175, "U8_2", 6443.02, 2154.83, "T", "DIP", "$1N11939", "", "C", 128, 128, 118.11, 180],
		[176, "U8_2", 6443.02, 2154.83, "B", "DIP", "$1N11939", "", "C", 128, 128, 118.11, 180],
		[177, "U8_3", 6592.02, 2053.83, "T", "DIP", "U8_3", "", "C", 170, 170, 157.48, 0],
		[178, "U8_3", 6592.02, 2053.83, "B", "DIP", "U8_3", "", "C", 170, 170, 157.48, 0],
		[179, "U8_4", 6395.16, 2053.82, "T", "DIP", "U8_4", "", "C", 78.74, 78.74, 68.9, 0],
		[180, "U8_4", 6395.16, 2053.82, "B", "DIP", "U8_4", "", "C", 78.74, 78.74, 68.9, 0],
		[181, "U8_5", 6788.86, 2053.82, "T", "DIP", "U8_5", "", "C", 78.74, 78.74, 68.9, 0],
		[182, "U8_5", 6788.86, 2053.82, "B", "DIP", "U8_5", "", "C", 78.74, 78.74, 68.9, 0],
		[183, "U9_1", 1719.46, 1025.6, "B", "SMD", "COL0", "", "R", 98.42, 98.42, 0, 192],
		[184, "U9_1", 1577.43, 996.43, "T", "DIP", "COL0", "", "C", 128, 128, 118.11, 192],
		[185, "U9_1", 1577.43, 996.43, "B", "DIP", "COL0", "", "C", 128, 128, 118.11, 192],
		[186, "U9_2", 1206.61, 815.3, "B", "SMD", "$1N12037", "", "R", 98.42, 98.42, 0, 192],
		[187, "U9_2", 1350.48, 852.09, "T", "DIP", "$1N12037", "", "C", 128, 128, 118.11, 192],
		[188, "U9_2", 1350.48, 852.09, "B", "DIP", "$1N12037", "", "C", 128, 128, 118.11, 192],
		[189, "U9_3", 1517.22, 784.28, "T", "DIP", "U9_3", "", "C", 170, 170, 157.48, 12],
		[190, "U9_3", 1517.22, 784.28, "B", "DIP", "U9_3", "", "C", 170, 170, 157.48, 12],
		[191, "U9_4", 1324.66, 743.33, "T", "DIP", "U9_4", "", "C", 78.74, 78.74, 68.9, 12],
		[192, "U9_4", 1324.66, 743.33, "B", "DIP", "U9_4", "", "C", 78.74, 78.74, 68.9, 12],
		[193, "U9_5", 1709.76, 825.19, "T", "DIP", "U9_5", "", "C", 78.74, 78.74, 68.9, 12],
		[194, "U9_5", 1709.76, 825.19, "B", "DIP", "U9_5", "", "C", 78.74, 78.74, 68.9, 12],
		[195, "U10_1", 2454.46, 1175.6, "B", "SMD", "COL1", "", "R", 98.42, 98.42, 0, 192],
		[196, "U10_1", 2312.43, 1146.43, "T", "DIP", "COL1", "", "C", 128, 128, 118.11, 192],
		[197, "U10_1", 2312.43, 1146.43, "B", "DIP", "COL1", "", "C", 128, 128, 118.11, 192],
		[198, "U10_2", 1941.61, 965.3, "B", "SMD", "$1N12042", "", "R", 98.42, 98.42, 0, 192],
		[199, "U10_2", 2085.48, 1002.09, "T", "DIP", "$1N12042", "", "C", 128, 128, 118.11, 192],
		[200, "U10_2", 2085.48, 1002.09, "B", "DIP", "$1N12042", "", "C", 128, 128, 118.11, 192],
		[201, "U10_3", 2252.22, 934.28, "T", "DIP", "U10_3", "", "C", 170, 170, 157.48, 12],
		[202, "U10_3", 2252.22, 934.28, "B", "DIP", "U10_3", "", "C", 170, 170, 157.48, 12],
		[203, "U10_4", 2059.66, 893.33, "T", "DIP", "U10_4", "", "C", 78.74, 78.74, 68.9, 12],
		[204, "U10_4", 2059.66, 893.33, "B", "DIP", "U10_4", "", "C", 78.74, 78.74, 68.9, 12],
		[205, "U10_5", 2444.76, 975.19, "T", "DIP", "U10_5", "", "C", 78.74, 78.74, 68.9, 12],
		[206, "U10_5", 2444.76, 975.19, "B", "DIP", "U10_5", "", "C", 78.74, 78.74, 68.9, 12],
		[207, "U11_1", 3189.46, 1335.6, "B", "SMD", "COL2", "", "R", 98.42, 98.42, 0, 192],
		[208, "U11_1", 3047.43, 1306.43, "T", "DIP", "COL2", "", "C", 128, 128, 118.11, 192],
		[209, "U11_1", 3047.43, 1306.43, "B", "DIP", "COL2", "", "C", 128, 128, 118.11, 192],
		[210, "U11_2", 2676.61, 1125.3, "B", "SMD", "$1N12048", "", "R", 98.42, 98.42, 0, 192],
		[211, "U11_2", 2820.48, 1162.09, "T", "DIP", "$1N12048", "", "C", 128, 128, 118.11, 192],
		[212, "U11_2", 2820.48, 1162.09, "B", "DIP", "$1N12048", "", "C", 128, 128, 118.11, 192],
		[213, "U11_3", 2987.22, 1094.28, "T", "DIP", "U11_3", "", "C", 170, 170, 157.48, 12],
		[214, "U11_3", 2987.22, 1094.28, "B", "DIP", "U11_3", "", "C", 170, 170, 157.48, 12],
		[215, "U11_4", 2794.66, 1053.33, "T", "DIP", "U11_4", "", "C", 78.74, 78.74, 68.9, 12],
		[216, "U11_4", 2794.66, 1053.33, "B", "DIP", "U11_4", "", "C", 78.74, 78.74, 68.9, 12],
		[217, "U11_5", 3179.76, 1135.19, "T", "DIP", "U11_5", "", "C", 78.74, 78.74, 68.9, 12],
		[218, "U11_5", 3179.76, 1135.19, "B", "DIP", "U11_5", "", "C", 78.74, 78.74, 68.9, 12],
		[219, "U12_1", 3919.46, 1490.6, "B", "SMD", "COL3", "", "R", 98.42, 98.42, 0, 192],
		[220, "U12_1", 3777.43, 1461.43, "T", "DIP", "COL3", "", "C", 128, 128, 118.11, 192],
		[221, "U12_1", 3777.43, 1461.43, "B", "DIP", "COL3", "", "C", 128, 128, 118.11, 192],
		[222, "U12_2", 3406.61, 1280.3, "B", "SMD", "$1N12054", "", "R", 98.42, 98.42, 0, 192],
		[223, "U12_2", 3550.48, 1317.09, "T", "DIP", "$1N12054", "", "C", 128, 128, 118.11, 192],
		[224, "U12_2", 3550.48, 1317.09, "B", "DIP", "$1N12054", "", "C", 128, 128, 118.11, 192],
		[225, "U12_3", 3717.22, 1249.28, "T", "DIP", "U12_3", "", "C", 170, 170, 157.48, 12],
		[226, "U12_3", 3717.22, 1249.28, "B", "DIP", "U12_3", "", "C", 170, 170, 157.48, 12],
		[227, "U12_4", 3524.66, 1208.33, "T", "DIP", "U12_4", "", "C", 78.74, 78.74, 68.9, 12],
		[228, "U12_4", 3524.66, 1208.33, "B", "DIP", "U12_4", "", "C", 78.74, 78.74, 68.9, 12],
		[229, "U12_5", 3909.76, 1290.19, "T", "DIP", "U12_5", "", "C", 78.74, 78.74, 68.9, 12],
		[230, "U12_5", 3909.76, 1290.19, "B", "DIP", "U12_5", "", "C", 78.74, 78.74, 68.9, 12],
		[231, "U13_1", 4765.02, 1557.83, "B", "SMD", "COL4", "", "R", 98.42, 98.42, 0, 180],
		[232, "U13_1", 4620.02, 1558.83, "T", "DIP", "COL4", "", "C", 128, 128, 118.11, 180],
		[233, "U13_1", 4620.02, 1558.83, "B", "DIP", "COL4", "", "C", 128, 128, 118.11, 180],
		[234, "U13_2", 4219.65, 1458.76, "B", "SMD", "$1N12076", "", "R", 98.42, 98.42, 0, 180],
		[235, "U13_2", 4368.02, 1464.83, "T", "DIP", "$1N12076", "", "C", 128, 128, 118.11, 180],
		[236, "U13_2", 4368.02, 1464.83, "B", "DIP", "$1N12076", "", "C", 128, 128, 118.11, 180],
		[237, "U13_3", 4517.02, 1363.83, "T", "DIP", "U13_3", "", "C", 170, 170, 157.48, 0],
		[238, "U13_3", 4517.02, 1363.83, "B", "DIP", "U13_3", "", "C", 170, 170, 157.48, 0],
		[239, "U13_4", 4320.16, 1363.82, "T", "DIP", "U13_4", "", "C", 78.74, 78.74, 68.9, 0],
		[240, "U13_4", 4320.16, 1363.82, "B", "DIP", "U13_4", "", "C", 78.74, 78.74, 68.9, 0],
		[241, "U13_5", 4713.86, 1363.82, "T", "DIP", "U13_5", "", "C", 78.74, 78.74, 68.9, 0],
		[242, "U13_5", 4713.86, 1363.82, "B", "DIP", "U13_5", "", "C", 78.74, 78.74, 68.9, 0],
		[243, "U14_1", 5505.02, 1497.83, "B", "SMD", "COL5", "", "R", 98.42, 98.42, 0, 180],
		[244, "U14_1", 5360.02, 1498.83, "T", "DIP", "COL5", "", "C", 128, 128, 118.11, 180],
		[245, "U14_1", 5360.02, 1498.83, "B", "DIP", "COL5", "", "C", 128, 128, 118.11, 180],
		[246, "U14_2", 4959.65, 1398.76, "B", "SMD", "$1N12079", "", "R", 98.42, 98.42, 0, 180],
		[247, "U14_2", 5108.02, 1404.83, "T", "DIP", "$1N12079", "", "C", 128, 128, 118.11, 180],
		[248, "U14_2", 5108.02, 1404.83, "B", "DIP", "$1N12079", "", "C", 128, 128, 118.11, 180],
		[249, "U14_3", 5257.02, 1303.83, "T", "DIP", "U14_3", "", "C", 170, 170, 157.48, 0],
		[250, "U14_3", 5257.02, 1303.83, "B", "DIP", "U14_3", "", "C", 170, 170, 157.48, 0],
		[251, "U14_4", 5060.16, 1303.82, "T", "DIP", "U14_4", "", "C", 78.74, 78.74, 68.9, 0],
		[252, "U14_4", 5060.16, 1303.82, "B", "DIP", "U14_4", "", "C", 78.74, 78.74, 68.9, 0],
		[253, "U14_5", 5453.86, 1303.82, "T", "DIP", "U14_5", "", "C", 78.74, 78.74, 68.9, 0],
		[254, "U14_5", 5453.86, 1303.82, "B", "DIP", "U14_5", "", "C", 78.74, 78.74, 68.9, 0],
		[255, "U15_1", 6255.02, 1497.83, "B", "SMD", "COL6", "", "R", 98.42, 98.42, 0, 180],
		[256, "U15_1", 6110.02, 1498.83, "T", "DIP", "COL6", "", "C", 128, 128, 118.11, 180],
		[257, "U15_1", 6110.02, 1498.83, "B", "DIP", "COL6", "", "C", 128, 128, 118.11, 180],
		[258, "U15_2", 5709.65, 1398.76, "B", "SMD", "$1N12082", "", "R", 98.42, 98.42, 0, 180],
		[259, "U15_2", 5858.02, 1404.83, "T", "DIP", "$1N12082", "", "C", 128, 128, 118.11, 180],
		[260, "U15_2", 5858.02, 1404.83, "B", "DIP", "$1N12082", "", "C", 128, 128, 118.11, 180],
		[261, "U15_3", 6007.02, 1303.83, "T", "DIP", "U15_3", "", "C", 170, 170, 157.48, 0],
		[262, "U15_3", 6007.02, 1303.83, "B", "DIP", "U15_3", "", "C", 170, 170, 157.48, 0],
		[263, "U15_4", 5810.16, 1303.82, "T", "DIP", "U15_4", "", "C", 78.74, 78.74, 68.9, 0],
		[264, "U15_4", 5810.16, 1303.82, "B", "DIP", "U15_4", "", "C", 78.74, 78.74, 68.9, 0],
		[265, "U15_5", 6203.86, 1303.82, "T", "DIP", "U15_5", "", "C", 78.74, 78.74, 68.9, 0],
		[266, "U15_5", 6203.86, 1303.82, "B", "DIP", "U15_5", "", "C", 78.74, 78.74, 68.9, 0],
		[267, "U16_1", 7190.02, 1497.83, "B", "SMD", "COL7", "", "R", 98.42, 98.42, 0, 180],
		[268, "U16_1", 7045.02, 1498.83, "T", "DIP", "COL7", "", "C", 128, 128, 118.11, 180],
		[269, "U16_1", 7045.02, 1498.83, "B", "DIP", "COL7", "", "C", 128, 128, 118.11, 180],
		[270, "U16_2", 6644.65, 1398.76, "B", "SMD", "$1N12085", "", "R", 98.42, 98.42, 0, 180],
		[271, "U16_2", 6793.02, 1404.83, "T", "DIP", "$1N12085", "", "C", 128, 128, 118.11, 180],
		[272, "U16_2", 6793.02, 1404.83, "B", "DIP", "$1N12085", "", "C", 128, 128, 118.11, 180],
		[273, "U16_3", 6942.02, 1303.83, "T", "DIP", "U16_3", "", "C", 170, 170, 157.48, 0],
		[274, "U16_3", 6942.02, 1303.83, "B", "DIP", "U16_3", "", "C", 170, 170, 157.48, 0],
		[275, "U16_4", 6745.16, 1303.82, "T", "DIP", "U16_4", "", "C", 78.74, 78.74, 68.9, 0],
		[276, "U16_4", 6745.16, 1303.82, "B", "DIP", "U16_4", "", "C", 78.74, 78.74, 68.9, 0],
		[277, "U16_5", 7138.86, 1303.82, "T", "DIP", "U16_5", "", "C", 78.74, 78.74, 68.9, 0],
		[278, "U16_5", 7138.86, 1303.82, "B", "DIP", "U16_5", "", "C", 78.74, 78.74, 68.9, 0],
		[279, "U18_1", 2059.46, 330.6, "B", "SMD", "COL1", "", "R", 98.42, 98.42, 0, 192],
		[280, "U18_1", 1917.43, 301.43, "T", "DIP", "COL1", "", "C", 128, 128, 118.11, 192],
		[281, "U18_1", 1917.43, 301.43, "B", "DIP", "COL1", "", "C", 128, 128, 118.11, 192],
		[282, "U18_2", 1546.61, 120.3, "B", "SMD", "$1N12061", "", "R", 98.42, 98.42, 0, 192],
		[283, "U18_2", 1690.48, 157.09, "T", "DIP", "$1N12061", "", "C", 128, 128, 118.11, 192],
		[284, "U18_2", 1690.48, 157.09, "B", "DIP", "$1N12061", "", "C", 128, 128, 118.11, 192],
		[285, "U18_3", 1857.22, 89.28, "T", "DIP", "U18_3", "", "C", 170, 170, 157.48, 12],
		[286, "U18_3", 1857.22, 89.28, "B", "DIP", "U18_3", "", "C", 170, 170, 157.48, 12],
		[287, "U18_4", 1664.66, 48.33, "T", "DIP", "U18_4", "", "C", 78.74, 78.74, 68.9, 12],
		[288, "U18_4", 1664.66, 48.33, "B", "DIP", "U18_4", "", "C", 78.74, 78.74, 68.9, 12],
		[289, "U18_5", 2049.76, 130.19, "T", "DIP", "U18_5", "", "C", 78.74, 78.74, 68.9, 12],
		[290, "U18_5", 2049.76, 130.19, "B", "DIP", "U18_5", "", "C", 78.74, 78.74, 68.9, 12],
		[291, "U19_1", 2794.46, 480.6, "B", "SMD", "COL2", "", "R", 98.42, 98.42, 0, 192],
		[292, "U19_1", 2652.43, 451.43, "T", "DIP", "COL2", "", "C", 128, 128, 118.11, 192],
		[293, "U19_1", 2652.43, 451.43, "B", "DIP", "COL2", "", "C", 128, 128, 118.11, 192],
		[294, "U19_2", 2281.61, 270.3, "B", "SMD", "$1N12064", "", "R", 98.42, 98.42, 0, 192],
		[295, "U19_2", 2425.48, 307.09, "T", "DIP", "$1N12064", "", "C", 128, 128, 118.11, 192],
		[296, "U19_2", 2425.48, 307.09, "B", "DIP", "$1N12064", "", "C", 128, 128, 118.11, 192],
		[297, "U19_3", 2592.22, 239.28, "T", "DIP", "U19_3", "", "C", 170, 170, 157.48, 12],
		[298, "U19_3", 2592.22, 239.28, "B", "DIP", "U19_3", "", "C", 170, 170, 157.48, 12],
		[299, "U19_4", 2399.66, 198.33, "T", "DIP", "U19_4", "", "C", 78.74, 78.74, 68.9, 12],
		[300, "U19_4", 2399.66, 198.33, "B", "DIP", "U19_4", "", "C", 78.74, 78.74, 68.9, 12],
		[301, "U19_5", 2784.76, 280.19, "T", "DIP", "U19_5", "", "C", 78.74, 78.74, 68.9, 12],
		[302, "U19_5", 2784.76, 280.19, "B", "DIP", "U19_5", "", "C", 78.74, 78.74, 68.9, 12],
		[303, "U20_1", 3524.46, 640.6, "B", "SMD", "COL3", "", "R", 98.42, 98.42, 0, 192],
		[304, "U20_1", 3382.43, 611.43, "T", "DIP", "COL3", "", "C", 128, 128, 118.11, 192],
		[305, "U20_1", 3382.43, 611.43, "B", "DIP", "COL3", "", "C", 128, 128, 118.11, 192],
		[306, "U20_2", 3011.61, 430.3, "B", "SMD", "$1N12067", "", "R", 98.42, 98.42, 0, 192],
		[307, "U20_2", 3155.48, 467.09, "T", "DIP", "$1N12067", "", "C", 128, 128, 118.11, 192],
		[308, "U20_2", 3155.48, 467.09, "B", "DIP", "$1N12067", "", "C", 128, 128, 118.11, 192],
		[309, "U20_3", 3322.22, 399.28, "T", "DIP", "U20_3", "", "C", 170, 170, 157.48, 12],
		[310, "U20_3", 3322.22, 399.28, "B", "DIP", "U20_3", "", "C", 170, 170, 157.48, 12],
		[311, "U20_4", 3129.66, 358.33, "T", "DIP", "U20_4", "", "C", 78.74, 78.74, 68.9, 12],
		[312, "U20_4", 3129.66, 358.33, "B", "DIP", "U20_4", "", "C", 78.74, 78.74, 68.9, 12],
		[313, "U20_5", 3514.76, 440.19, "T", "DIP", "U20_5", "", "C", 78.74, 78.74, 68.9, 12],
		[314, "U20_5", 3514.76, 440.19, "B", "DIP", "U20_5", "", "C", 78.74, 78.74, 68.9, 12],
		[315, "U21_1", 4259.46, 795.6, "B", "SMD", "COL4", "", "R", 98.42, 98.42, 0, 192],
		[316, "U21_1", 4117.43, 766.43, "T", "DIP", "COL4", "", "C", 128, 128, 118.11, 192],
		[317, "U21_1", 4117.43, 766.43, "B", "DIP", "COL4", "", "C", 128, 128, 118.11, 192],
		[318, "U21_2", 3746.61, 585.3, "B", "SMD", "$1N12070", "", "R", 98.42, 98.42, 0, 192],
		[319, "U21_2", 3890.48, 622.09, "T", "DIP", "$1N12070", "", "C", 128, 128, 118.11, 192],
		[320, "U21_2", 3890.48, 622.09, "B", "DIP", "$1N12070", "", "C", 128, 128, 118.11, 192],
		[321, "U21_3", 4057.22, 554.28, "T", "DIP", "U21_3", "", "C", 170, 170, 157.48, 12],
		[322, "U21_3", 4057.22, 554.28, "B", "DIP", "U21_3", "", "C", 170, 170, 157.48, 12],
		[323, "U21_4", 3864.66, 513.33, "T", "DIP", "U21_4", "", "C", 78.74, 78.74, 68.9, 12],
		[324, "U21_4", 3864.66, 513.33, "B", "DIP", "U21_4", "", "C", 78.74, 78.74, 68.9, 12],
		[325, "U21_5", 4249.76, 595.19, "T", "DIP", "U21_5", "", "C", 78.74, 78.74, 68.9, 12],
		[326, "U21_5", 4249.76, 595.19, "B", "DIP", "U21_5", "", "C", 78.74, 78.74, 68.9, 12],
		[327, "U22_1", 5110.02, 747.83, "B", "SMD", "COL5", "", "R", 98.42, 98.42, 0, 180],
		[328, "U22_1", 4965.02, 748.83, "T", "DIP", "COL5", "", "C", 128, 128, 118.11, 180],
		[329, "U22_1", 4965.02, 748.83, "B", "DIP", "COL5", "", "C", 128, 128, 118.11, 180],
		[330, "U22_2", 4564.65, 648.76, "B", "SMD", "$1N12073", "", "R", 98.42, 98.42, 0, 180],
		[331, "U22_2", 4713.02, 654.83, "T", "DIP", "$1N12073", "", "C", 128, 128, 118.11, 180],
		[332, "U22_2", 4713.02, 654.83, "B", "DIP", "$1N12073", "", "C", 128, 128, 118.11, 180],
		[333, "U22_3", 4862.02, 553.83, "T", "DIP", "U22_3", "", "C", 170, 170, 157.48, 0],
		[334, "U22_3", 4862.02, 553.83, "B", "DIP", "U22_3", "", "C", 170, 170, 157.48, 0],
		[335, "U22_4", 4665.16, 553.82, "T", "DIP", "U22_4", "", "C", 78.74, 78.74, 68.9, 0],
		[336, "U22_4", 4665.16, 553.82, "B", "DIP", "U22_4", "", "C", 78.74, 78.74, 68.9, 0],
		[337, "U22_5", 5058.86, 553.82, "T", "DIP", "U22_5", "", "C", 78.74, 78.74, 68.9, 0],
		[338, "U22_5", 5058.86, 553.82, "B", "DIP", "U22_5", "", "C", 78.74, 78.74, 68.9, 0],
		[339, "U23_1", 5865.02, 742.83, "B", "SMD", "COL6", "", "R", 98.42, 98.42, 0, 180],
		[340, "U23_1", 5720.02, 743.83, "T", "DIP", "COL6", "", "C", 128, 128, 118.11, 180],
		[341, "U23_1", 5720.02, 743.83, "B", "DIP", "COL6", "", "C", 128, 128, 118.11, 180],
		[342, "U23_2", 5319.65, 643.76, "B", "SMD", "$1N12091", "", "R", 98.42, 98.42, 0, 180],
		[343, "U23_2", 5468.02, 649.83, "T", "DIP", "$1N12091", "", "C", 128, 128, 118.11, 180],
		[344, "U23_2", 5468.02, 649.83, "B", "DIP", "$1N12091", "", "C", 128, 128, 118.11, 180],
		[345, "U23_3", 5617.02, 548.83, "T", "DIP", "U23_3", "", "C", 170, 170, 157.48, 0],
		[346, "U23_3", 5617.02, 548.83, "B", "DIP", "U23_3", "", "C", 170, 170, 157.48, 0],
		[347, "U23_4", 5420.16, 548.82, "T", "DIP", "U23_4", "", "C", 78.74, 78.74, 68.9, 0],
		[348, "U23_4", 5420.16, 548.82, "B", "DIP", "U23_4", "", "C", 78.74, 78.74, 68.9, 0],
		[349, "U23_5", 5813.86, 548.82, "T", "DIP", "U23_5", "", "C", 78.74, 78.74, 68.9, 0],
		[350, "U23_5", 5813.86, 548.82, "B", "DIP", "U23_5", "", "C", 78.74, 78.74, 68.9, 0],
		[351, "U24_1", 7080.02, 747.83, "B", "SMD", "COL7", "", "R", 98.42, 98.42, 0, 180],
		[352, "U24_1", 6935.02, 748.83, "T", "DIP", "COL7", "", "C", 128, 128, 118.11, 180],
		[353, "U24_1", 6935.02, 748.83, "B", "DIP", "COL7", "", "C", 128, 128, 118.11, 180],
		[354, "U24_2", 6534.65, 648.76, "B", "SMD", "$1N12088", "", "R", 98.42, 98.42, 0, 180],
		[355, "U24_2", 6683.02, 654.83, "T", "DIP", "$1N12088", "", "C", 128, 128, 118.11, 180],
		[356, "U24_2", 6683.02, 654.83, "B", "DIP", "$1N12088", "", "C", 128, 128, 118.11, 180],
		[357, "U24_3", 6832.02, 553.83, "T", "DIP", "U24_3", "", "C", 170, 170, 157.48, 0],
		[358, "U24_3", 6832.02, 553.83, "B", "DIP", "U24_3", "", "C", 170, 170, 157.48, 0],
		[359, "U24_4", 6635.16, 553.82, "T", "DIP", "U24_4", "", "C", 78.74, 78.74, 68.9, 0],
		[360, "U24_4", 6635.16, 553.82, "B", "DIP", "U24_4", "", "C", 78.74, 78.74, 68.9, 0],
		[361, "U24_5", 7028.86, 553.82, "T", "DIP", "U24_5", "", "C", 78.74, 78.74, 68.9, 0],
		[362, "U24_5", 7028.86, 553.82, "B", "DIP", "U24_5", "", "C", 78.74, 78.74, 68.9, 0],
		[363, "U25_1", 1849.46, -484.4, "B", "SMD", "COL0", "", "R", 98.42, 98.42, 0, 192],
		[364, "U25_1", 1707.43, -513.57, "T", "DIP", "COL0", "", "C", 128, 128, 118.11, 192],
		[365, "U25_1", 1707.43, -513.57, "B", "DIP", "COL0", "", "C", 128, 128, 118.11, 192],
		[366, "U25_2", 1336.61, -694.7, "B", "SMD", "$1N12094", "", "R", 98.42, 98.42, 0, 192],
		[367, "U25_2", 1480.48, -657.91, "T", "DIP", "$1N12094", "", "C", 128, 128, 118.11, 192],
		[368, "U25_2", 1480.48, -657.91, "B", "DIP", "$1N12094", "", "C", 128, 128, 118.11, 192],
		[369, "U25_3", 1647.22, -725.72, "T", "DIP", "U25_3", "", "C", 170, 170, 157.48, 12],
		[370, "U25_3", 1647.22, -725.72, "B", "DIP", "U25_3", "", "C", 170, 170, 157.48, 12],
		[371, "U25_4", 1454.66, -766.67, "T", "DIP", "U25_4", "", "C", 78.74, 78.74, 68.9, 12],
		[372, "U25_4", 1454.66, -766.67, "B", "DIP", "U25_4", "", "C", 78.74, 78.74, 68.9, 12],
		[373, "U25_5", 1839.76, -684.81, "T", "DIP", "U25_5", "", "C", 78.74, 78.74, 68.9, 12],
		[374, "U25_5", 1839.76, -684.81, "B", "DIP", "U25_5", "", "C", 78.74, 78.74, 68.9, 12],
		[375, "U26_1", 2579.46, -329.4, "B", "SMD", "COL1", "", "R", 98.42, 98.42, 0, 192],
		[376, "U26_1", 2437.43, -358.57, "T", "DIP", "COL1", "", "C", 128, 128, 118.11, 192],
		[377, "U26_1", 2437.43, -358.57, "B", "DIP", "COL1", "", "C", 128, 128, 118.11, 192],
		[378, "U26_2", 2066.61, -539.7, "B", "SMD", "$1N12097", "", "R", 98.42, 98.42, 0, 192],
		[379, "U26_2", 2210.48, -502.91, "T", "DIP", "$1N12097", "", "C", 128, 128, 118.11, 192],
		[380, "U26_2", 2210.48, -502.91, "B", "DIP", "$1N12097", "", "C", 128, 128, 118.11, 192],
		[381, "U26_3", 2377.22, -570.72, "T", "DIP", "U26_3", "", "C", 170, 170, 157.48, 12],
		[382, "U26_3", 2377.22, -570.72, "B", "DIP", "U26_3", "", "C", 170, 170, 157.48, 12],
		[383, "U26_4", 2184.66, -611.67, "T", "DIP", "U26_4", "", "C", 78.74, 78.74, 68.9, 12],
		[384, "U26_4", 2184.66, -611.67, "B", "DIP", "U26_4", "", "C", 78.74, 78.74, 68.9, 12],
		[385, "U26_5", 2569.76, -529.81, "T", "DIP", "U26_5", "", "C", 78.74, 78.74, 68.9, 12],
		[386, "U26_5", 2569.76, -529.81, "B", "DIP", "U26_5", "", "C", 78.74, 78.74, 68.9, 12],
		[387, "U27_1", 3314.46, -169.4, "B", "SMD", "COL2", "", "R", 98.42, 98.42, 0, 192],
		[388, "U27_1", 3172.43, -198.57, "T", "DIP", "COL2", "", "C", 128, 128, 118.11, 192],
		[389, "U27_1", 3172.43, -198.57, "B", "DIP", "COL2", "", "C", 128, 128, 118.11, 192],
		[390, "U27_2", 2801.61, -379.7, "B", "SMD", "$1N12100", "", "R", 98.42, 98.42, 0, 192],
		[391, "U27_2", 2945.48, -342.91, "T", "DIP", "$1N12100", "", "C", 128, 128, 118.11, 192],
		[392, "U27_2", 2945.48, -342.91, "B", "DIP", "$1N12100", "", "C", 128, 128, 118.11, 192],
		[393, "U27_3", 3112.22, -410.72, "T", "DIP", "U27_3", "", "C", 170, 170, 157.48, 12],
		[394, "U27_3", 3112.22, -410.72, "B", "DIP", "U27_3", "", "C", 170, 170, 157.48, 12],
		[395, "U27_4", 2919.66, -451.67, "T", "DIP", "U27_4", "", "C", 78.74, 78.74, 68.9, 12],
		[396, "U27_4", 2919.66, -451.67, "B", "DIP", "U27_4", "", "C", 78.74, 78.74, 68.9, 12],
		[397, "U27_5", 3304.76, -369.81, "T", "DIP", "U27_5", "", "C", 78.74, 78.74, 68.9, 12],
		[398, "U27_5", 3304.76, -369.81, "B", "DIP", "U27_5", "", "C", 78.74, 78.74, 68.9, 12],
		[399, "U28_1", 4049.46, -14.4, "B", "SMD", "COL3", "", "R", 98.42, 98.42, 0, 192],
		[400, "U28_1", 3907.43, -43.57, "T", "DIP", "COL3", "", "C", 128, 128, 118.11, 192],
		[401, "U28_1", 3907.43, -43.57, "B", "DIP", "COL3", "", "C", 128, 128, 118.11, 192],
		[402, "U28_2", 3536.61, -224.7, "B", "SMD", "$1N12103", "", "R", 98.42, 98.42, 0, 192],
		[403, "U28_2", 3680.48, -187.91, "T", "DIP", "$1N12103", "", "C", 128, 128, 118.11, 192],
		[404, "U28_2", 3680.48, -187.91, "B", "DIP", "$1N12103", "", "C", 128, 128, 118.11, 192],
		[405, "U28_3", 3847.22, -255.72, "T", "DIP", "U28_3", "", "C", 170, 170, 157.48, 12],
		[406, "U28_3", 3847.22, -255.72, "B", "DIP", "U28_3", "", "C", 170, 170, 157.48, 12],
		[407, "U28_4", 3654.66, -296.67, "T", "DIP", "U28_4", "", "C", 78.74, 78.74, 68.9, 12],
		[408, "U28_4", 3654.66, -296.67, "B", "DIP", "U28_4", "", "C", 78.74, 78.74, 68.9, 12],
		[409, "U28_5", 4039.76, -214.81, "T", "DIP", "U28_5", "", "C", 78.74, 78.74, 68.9, 12],
		[410, "U28_5", 4039.76, -214.81, "B", "DIP", "U28_5", "", "C", 78.74, 78.74, 68.9, 12],
		[411, "U29_1", 4900.02, 2.83, "B", "SMD", "COL4", "", "R", 98.42, 98.42, 0, 180],
		[412, "U29_1", 4755.02, 3.83, "T", "DIP", "COL4", "", "C", 128, 128, 118.11, 180],
		[413, "U29_1", 4755.02, 3.83, "B", "DIP", "COL4", "", "C", 128, 128, 118.11, 180],
		[414, "U29_2", 4354.65, -96.24, "B", "SMD", "$1N12106", "", "R", 98.42, 98.42, 0, 180],
		[415, "U29_2", 4503.02, -90.17, "T", "DIP", "$1N12106", "", "C", 128, 128, 118.11, 180],
		[416, "U29_2", 4503.02, -90.17, "B", "DIP", "$1N12106", "", "C", 128, 128, 118.11, 180],
		[417, "U29_3", 4652.02, -191.17, "T", "DIP", "U29_3", "", "C", 170, 170, 157.48, 0],
		[418, "U29_3", 4652.02, -191.17, "B", "DIP", "U29_3", "", "C", 170, 170, 157.48, 0],
		[419, "U29_4", 4455.16, -191.18, "T", "DIP", "U29_4", "", "C", 78.74, 78.74, 68.9, 0],
		[420, "U29_4", 4455.16, -191.18, "B", "DIP", "U29_4", "", "C", 78.74, 78.74, 68.9, 0],
		[421, "U29_5", 4848.86, -191.18, "T", "DIP", "U29_5", "", "C", 78.74, 78.74, 68.9, 0],
		[422, "U29_5", 4848.86, -191.18, "B", "DIP", "U29_5", "", "C", 78.74, 78.74, 68.9, 0],
		[423, "U30_1", 5650.02, -2.17, "B", "SMD", "COL5", "", "R", 98.42, 98.42, 0, 180],
		[424, "U30_1", 5505.02, -1.17, "T", "DIP", "COL5", "", "C", 128, 128, 118.11, 180],
		[425, "U30_1", 5505.02, -1.17, "B", "DIP", "COL5", "", "C", 128, 128, 118.11, 180],
		[426, "U30_2", 5104.65, -101.24, "B", "SMD", "$1N12109", "", "R", 98.42, 98.42, 0, 180],
		[427, "U30_2", 5253.02, -95.17, "T", "DIP", "$1N12109", "", "C", 128, 128, 118.11, 180],
		[428, "U30_2", 5253.02, -95.17, "B", "DIP", "$1N12109", "", "C", 128, 128, 118.11, 180],
		[429, "U30_3", 5402.02, -196.17, "T", "DIP", "U30_3", "", "C", 170, 170, 157.48, 0],
		[430, "U30_3", 5402.02, -196.17, "B", "DIP", "U30_3", "", "C", 170, 170, 157.48, 0],
		[431, "U30_4", 5205.16, -196.18, "T", "DIP", "U30_4", "", "C", 78.74, 78.74, 68.9, 0],
		[432, "U30_4", 5205.16, -196.18, "B", "DIP", "U30_4", "", "C", 78.74, 78.74, 68.9, 0],
		[433, "U30_5", 5598.86, -196.18, "T", "DIP", "U30_5", "", "C", 78.74, 78.74, 68.9, 0],
		[434, "U30_5", 5598.86, -196.18, "B", "DIP", "U30_5", "", "C", 78.74, 78.74, 68.9, 0],
		[435, "U31_1", 6415.02, -2.17, "B", "SMD", "COL6", "", "R", 98.42, 98.42, 0, 180],
		[436, "U31_1", 6270.02, -1.17, "T", "DIP", "COL6", "", "C", 128, 128, 118.11, 180],
		[437, "U31_1", 6270.02, -1.17, "B", "DIP", "COL6", "", "C", 128, 128, 118.11, 180],
		[438, "U31_2", 5869.65, -101.24, "B", "SMD", "$1N12112", "", "R", 98.42, 98.42, 0, 180],
		[439, "U31_2", 6018.02, -95.17, "T", "DIP", "$1N12112", "", "C", 128, 128, 118.11, 180],
		[440, "U31_2", 6018.02, -95.17, "B", "DIP", "$1N12112", "", "C", 128, 128, 118.11, 180],
		[441, "U31_3", 6167.02, -196.17, "T", "DIP", "U31_3", "", "C", 170, 170, 157.48, 0],
		[442, "U31_3", 6167.02, -196.17, "B", "DIP", "U31_3", "", "C", 170, 170, 157.48, 0],
		[443, "U31_4", 5970.16, -196.18, "T", "DIP", "U31_4", "", "C", 78.74, 78.74, 68.9, 0],
		[444, "U31_4", 5970.16, -196.18, "B", "DIP", "U31_4", "", "C", 78.74, 78.74, 68.9, 0],
		[445, "U31_5", 6363.86, -196.18, "T", "DIP", "U31_5", "", "C", 78.74, 78.74, 68.9, 0],
		[446, "U31_5", 6363.86, -196.18, "B", "DIP", "U31_5", "", "C", 78.74, 78.74, 68.9, 0],
		[447, "U32_1", 7460.02, -2.17, "B", "SMD", "COL7", "", "R", 98.42, 98.42, 0, 180],
		[448, "U32_1", 7315.02, -1.17, "T", "DIP", "COL7", "", "C", 128, 128, 118.11, 180],
		[449, "U32_1", 7315.02, -1.17, "B", "DIP", "COL7", "", "C", 128, 128, 118.11, 180],
		[450, "U32_2", 6914.65, -101.24, "B", "SMD", "$1N12120", "", "R", 98.42, 98.42, 0, 180],
		[451, "U32_2", 7063.02, -95.17, "T", "DIP", "$1N12120", "", "C", 128, 128, 118.11, 180],
		[452, "U32_2", 7063.02, -95.17, "B", "DIP", "$1N12120", "", "C", 128, 128, 118.11, 180],
		[453, "U32_3", 7212.02, -196.17, "T", "DIP", "U32_3", "", "C", 170, 170, 157.48, 0],
		[454, "U32_3", 7212.02, -196.17, "B", "DIP", "U32_3", "", "C", 170, 170, 157.48, 0],
		[455, "U32_4", 7015.16, -196.18, "T", "DIP", "U32_4", "", "C", 78.74, 78.74, 68.9, 0],
		[456, "U32_4", 7015.16, -196.18, "B", "DIP", "U32_4", "", "C", 78.74, 78.74, 68.9, 0],
		[457, "U32_5", 7408.86, -196.18, "T", "DIP", "U32_5", "", "C", 78.74, 78.74, 68.9, 0],
		[458, "U32_5", 7408.86, -196.18, "B", "DIP", "U32_5", "", "C", 78.74, 78.74, 68.9, 0],
		[459, "U33_1", 2649.46, -1084.4, "B", "SMD", "COL0", "", "R", 98.42, 98.42, 0, 192],
		[460, "U33_1", 2507.43, -1113.57, "T", "DIP", "COL0", "", "C", 128, 128, 118.11, 192],
		[461, "U33_1", 2507.43, -1113.57, "B", "DIP", "COL0", "", "C", 128, 128, 118.11, 192],
		[462, "U33_2", 2136.61, -1294.7, "B", "SMD", "$1N12144", "", "R", 98.42, 98.42, 0, 192],
		[463, "U33_2", 2280.48, -1257.91, "T", "DIP", "$1N12144", "", "C", 128, 128, 118.11, 192],
		[464, "U33_2", 2280.48, -1257.91, "B", "DIP", "$1N12144", "", "C", 128, 128, 118.11, 192],
		[465, "U33_3", 2447.22, -1325.72, "T", "DIP", "U33_3", "", "C", 170, 170, 157.48, 12],
		[466, "U33_3", 2447.22, -1325.72, "B", "DIP", "U33_3", "", "C", 170, 170, 157.48, 12],
		[467, "U33_4", 2254.66, -1366.67, "T", "DIP", "U33_4", "", "C", 78.74, 78.74, 68.9, 12],
		[468, "U33_4", 2254.66, -1366.67, "B", "DIP", "U33_4", "", "C", 78.74, 78.74, 68.9, 12],
		[469, "U33_5", 2639.76, -1284.81, "T", "DIP", "U33_5", "", "C", 78.74, 78.74, 68.9, 12],
		[470, "U33_5", 2639.76, -1284.81, "B", "DIP", "U33_5", "", "C", 78.74, 78.74, 68.9, 12],
		[471, "U36_1", 4119.46, -774.4, "B", "SMD", "COL3", "", "R", 98.42, 98.42, 0, 192],
		[472, "U36_1", 3977.43, -803.57, "T", "DIP", "COL3", "", "C", 128, 128, 118.11, 192],
		[473, "U36_1", 3977.43, -803.57, "B", "DIP", "COL3", "", "C", 128, 128, 118.11, 192],
		[474, "U36_2", 3606.61, -984.7, "B", "SMD", "$1N12135", "", "R", 98.42, 98.42, 0, 192],
		[475, "U36_2", 3750.48, -947.91, "T", "DIP", "$1N12135", "", "C", 128, 128, 118.11, 192],
		[476, "U36_2", 3750.48, -947.91, "B", "DIP", "$1N12135", "", "C", 128, 128, 118.11, 192],
		[477, "U36_3", 3917.22, -1015.72, "T", "DIP", "U36_3", "", "C", 170, 170, 157.48, 12],
		[478, "U36_3", 3917.22, -1015.72, "B", "DIP", "U36_3", "", "C", 170, 170, 157.48, 12],
		[479, "U36_4", 3724.66, -1056.67, "T", "DIP", "U36_4", "", "C", 78.74, 78.74, 68.9, 12],
		[480, "U36_4", 3724.66, -1056.67, "B", "DIP", "U36_4", "", "C", 78.74, 78.74, 68.9, 12],
		[481, "U36_5", 4109.76, -974.81, "T", "DIP", "U36_5", "", "C", 78.74, 78.74, 68.9, 12],
		[482, "U36_5", 4109.76, -974.81, "B", "DIP", "U36_5", "", "C", 78.74, 78.74, 68.9, 12],
		[483, "U38_1", 5660.02, -737.17, "B", "SMD", "COL5", "", "R", 98.42, 98.42, 0, 180],
		[484, "U38_1", 5515.02, -736.17, "T", "DIP", "COL5", "", "C", 128, 128, 118.11, 180],
		[485, "U38_1", 5515.02, -736.17, "B", "DIP", "COL5", "", "C", 128, 128, 118.11, 180],
		[486, "U38_2", 5114.65, -836.24, "B", "SMD", "$1N12129", "", "R", 98.42, 98.42, 0, 180],
		[487, "U38_2", 5263.02, -830.17, "T", "DIP", "$1N12129", "", "C", 128, 128, 118.11, 180],
		[488, "U38_2", 5263.02, -830.17, "B", "DIP", "$1N12129", "", "C", 128, 128, 118.11, 180],
		[489, "U38_3", 5412.02, -931.17, "T", "DIP", "U38_3", "", "C", 170, 170, 157.48, 0],
		[490, "U38_3", 5412.02, -931.17, "B", "DIP", "U38_3", "", "C", 170, 170, 157.48, 0],
		[491, "U38_4", 5215.16, -931.18, "T", "DIP", "U38_4", "", "C", 78.74, 78.74, 68.9, 0],
		[492, "U38_4", 5215.16, -931.18, "B", "DIP", "U38_4", "", "C", 78.74, 78.74, 68.9, 0],
		[493, "U38_5", 5608.86, -931.18, "T", "DIP", "U38_5", "", "C", 78.74, 78.74, 68.9, 0],
		[494, "U38_5", 5608.86, -931.18, "B", "DIP", "U38_5", "", "C", 78.74, 78.74, 68.9, 0],
		[495, "U39_1", 6420.02, -737.17, "B", "SMD", "COL6", "", "R", 98.42, 98.42, 0, 180],
		[496, "U39_1", 6275.02, -736.17, "T", "DIP", "COL6", "", "C", 128, 128, 118.11, 180],
		[497, "U39_1", 6275.02, -736.17, "B", "DIP", "COL6", "", "C", 128, 128, 118.11, 180],
		[498, "U39_2", 5874.65, -836.24, "B", "SMD", "$1N12126", "", "R", 98.42, 98.42, 0, 180],
		[499, "U39_2", 6023.02, -830.17, "T", "DIP", "$1N12126", "", "C", 128, 128, 118.11, 180],
		[500, "U39_2", 6023.02, -830.17, "B", "DIP", "$1N12126", "", "C", 128, 128, 118.11, 180],
		[501, "U39_3", 6172.02, -931.17, "T", "DIP", "U39_3", "", "C", 170, 170, 157.48, 0],
		[502, "U39_3", 6172.02, -931.17, "B", "DIP", "U39_3", "", "C", 170, 170, 157.48, 0],
		[503, "U39_4", 5975.16, -931.18, "T", "DIP", "U39_4", "", "C", 78.74, 78.74, 68.9, 0],
		[504, "U39_4", 5975.16, -931.18, "B", "DIP", "U39_4", "", "C", 78.74, 78.74, 68.9, 0],
		[505, "U39_5", 6368.86, -931.18, "T", "DIP", "U39_5", "", "C", 78.74, 78.74, 68.9, 0],
		[506, "U39_5", 6368.86, -931.18, "B", "DIP", "U39_5", "", "C", 78.74, 78.74, 68.9, 0],
		[507, "U40_1", 7160.02, -737.17, "B", "SMD", "COL7", "", "R", 98.42, 98.42, 0, 180],
		[508, "U40_1", 7015.02, -736.17, "T", "DIP", "COL7", "", "C", 128, 128, 118.11, 180],
		[509, "U40_1", 7015.02, -736.17, "B", "DIP", "COL7", "", "C", 128, 128, 118.11, 180],
		[510, "U40_2", 6614.65, -836.24, "B", "SMD", "$1N12123", "", "R", 98.42, 98.42, 0, 180],
		[511, "U40_2", 6763.02, -830.17, "T", "DIP", "$1N12123", "", "C", 128, 128, 118.11, 180],
		[512, "U40_2", 6763.02, -830.17, "B", "DIP", "$1N12123", "", "C", 128, 128, 118.11, 180],
		[513, "U40_3", 6912.02, -931.17, "T", "DIP", "U40_3", "", "C", 170, 170, 157.48, 0],
		[514, "U40_3", 6912.02, -931.17, "B", "DIP", "U40_3", "", "C", 170, 170, 157.48, 0],
		[515, "U40_4", 6715.16, -931.18, "T", "DIP", "U40_4", "", "C", 78.74, 78.74, 68.9, 0],
		[516, "U40_4", 6715.16, -931.18, "B", "DIP", "U40_4", "", "C", 78.74, 78.74, 68.9, 0],
		[517, "U40_5", 7108.86, -931.18, "T", "DIP", "U40_5", "", "C", 78.74, 78.74, 68.9, 0],
		[518, "U40_5", 7108.86, -931.18, "B", "DIP", "U40_5", "", "C", 78.74, 78.74, 68.9, 0]
	]
}
}