{
"lengthUnit": "mil",
"components": {
	"fields": ["COMPONENT_NO", "COMPONENT_NAME", "LAYER", "X_COORDINATE", "Y_COORDINATE", "ANGLE"],
	"rows": [
		[1, "CN1", "B", 630.57, -2970, 0],
		[2, "LEFTPWR1", "T", 1145, -1725, 90],
		[3, "SW1", "T", 945.55, -2870, 90],
		[4, "SW2", "T", 315.63, -2865, 90],
		[5, "U1", "T", 629.92, -725, 0],
		[6, "U4", "T", 629.92, -2040, 180],
		[7, "U5", "T", 160, -925, 270],
		[8, "U6", "T", 1100, -925, 90]
	]
},
"pins": {
	"fields": ["PIN_NO", "PIN_NAME", "PIN_X", "PIN_Y", "LAYER", "PIN_TYPE", "NET_NAME", "NET_TYPE", "PAD_SHAPE", "PAD_SIZEX", "PAD_SIZEY", "HOLE_SIZE", "PAD_ANGLE"],
	"rows": [
		[1, "CN1_1", 591.2, -2970, "T", "DIP", "VCC", "", "C", 60, 60, 36, 0],
		[2, "CN1_1", 591.2, -2970, "B", "DIP", "VCC", "", "C", 60, 60, 36, 0],
		[3, "CN1_2", 669.94, -2970, "T", "DIP", "GND", "GND", "C", 60, 60, 36, 0],
		[4, "CN1_2", 669.94, -2970, "B", "DIP", "GND", "GND", "C", 60, 60, 36, 0],
		[5, "LEFTPWR1_1", 1078.07, -1813.58, "T", "SMD", "LEFTPWR1_1", "", "R", 60, 23.62, 0, 180],
		[6, "LEFTPWR1_2", 1078.07, -1695.47, "T", "SMD", "$1N2864", "", "R", 60, 23.62, 0, 180],
		[7, "LEFTPWR1_3", 1078.07, -1636.42, "T", "SMD", "VCC", "", "R", 60, 23.62, 0, 180],
		[8, "LEFTPWR1_4", 1121.38, -1583.27, "T", "SMD", "GND", "GND", "R", 47.24, 27.56, 0, 270],
		[9, "LEFTPWR1_4", 1211.93, -1583.27, "T", "SMD", "GND", "GND", "R", 47.24, 27.56, 0, 270],
		[10, "LEFTPWR1_4", 1211.93, -1866.73, "T", "SMD", "GND", "GND", "R", 47.24, 27.56, 0, 270],
		[11, "LEFTPWR1_4", 1121.38, -1866.73, "T", "SMD", "GND", "GND", "R", 47.24, 27.56, 0, 270],
		[12, "SW1_1", 945.55, -3027.48, "T", "SMD", "GND", "GND", "R", 74.8, 59.05, 0, 90],
		[13, "SW1_2", 945.55, -2712.52, "T", "SMD", "$1N2847", "", "R", 74.8, 59.05, 0, 90],
		[14, "SW2_1", 315.63, -3022.48, "T", "SMD", "GND", "GND", "R", 74.8, 59.05, 0, 90],
		[15, "SW2_2", 315.63, -2707.52, "T", "SMD", "$1N3027", "", "R", 74.8, 59.05, 0, 90],
		[16, "U1_2", 329.92, -225, "T", "DIP", "P1R", "", "C", 59.84, 59.84, 40, 180],
		[17, "U1_2", 329.92, -225, "B", "DIP", "P1R", "", "C", 59.84, 59.84, 40, 180],
		[18, "U1_3", 329.92, -325, "T", "DIP", "P0R", "", "C", 59.84, 59.84, 40, 180],
		[19, "U1_3", 329.92, -325, "B", "DIP", "P0R", "", "C", 59.84, 59.84, 40, 180],
		[20, "U1_4", 329.92, -425, "T", "DIP", "GND", "GND", "C", 59.84, 59.84, 40, 180],
		[21, "U1_4", 329.92, -425, "B", "DIP", "GND", "GND", "C", 59.84, 59.84, 40, 180],
		[22, "U1_5", 329.92, -525, "T", "DIP", "GND", "GND", "C", 59.84, 59.84, 40, 180],
		[23, "U1_5", 329.92, -525, "B", "DIP", "GND", "GND", "C", 59.84, 59.84, 40, 180],
		[24, "U1_6", 329.92, -625, "T", "DIP", "P2R", "", "C", 59.84, 59.84, 40, 180],
		[25, "U1_6", 329.92, -625, "B", "DIP", "P2R", "", "C", 59.84, 59.84, 40, 180],
		[26, "U1_7", 329.92, -725, "T", "DIP", "P3R", "", "C", 59.84, 59.84, 40, 180],
		[27, "U1_7", 329.92, -725, "B", "DIP", "P3R", "", "C", 59.84, 59.84, 40, 180],
		[28, "U1_8", 329.92, -825, "T", "DIP", "P4R", "", "C", 59.84, 59.84, 40, 180],
		[29, "U1_8", 329.92, -825, "B", "DIP", "P4R", "", "C", 59.84, 59.84, 40, 180],
		[30, "U1_9", 329.92, -925, "T", "DIP", "P5R", "", "C", 59.84, 59.84, 40, 180],
		[31, "U1_9", 329.92, -925, "B", "DIP", "P5R", "", "C", 59.84, 59.84, 40, 180],
		[32, "U1_10", 329.92, -1025, "T", "DIP", "P6R", "", "C", 59.84, 59.84, 40, 180],
		[33, "U1_10", 329.92, -1025, "B", "DIP", "P6R", "", "C", 59.84, 59.84, 40, 180],
		[34, "U1_11", 329.92, -1125, "T", "DIP", "P7R", "", "C", 59.84, 59.84, 40, 180],
		[35, "U1_11", 329.92, -1125, "B", "DIP", "P7R", "", "C", 59.84, 59.84, 40, 180],
		[36, "U1_12", 329.92, -1225, "T", "DIP", "P8R", "", "C", 59.84, 59.84, 40, 180],
		[37, "U1_12", 329.92, -1225, "B", "DIP", "P8R", "", "C", 59.84, 59.84, 40, 180],
		[38, "U1_13", 329.92, -1325, "T", "DIP", "P9R", "", "C", 59.84, 59.84, 40, 180],
		[39, "U1_13", 329.92, -1325, "B", "DIP", "P9R", "", "C", 59.84, 59.84, 40, 180],
		[40, "U1_15", 929.92, -225, "T", "DIP", "U1_15", "", "C", 59.84, 59.84, 40, 0],
		[41, "U1_15", 929.92, -225, "B", "DIP", "U1_15", "", "C", 59.84, 59.84, 40, 0],
		[42, "U1_16", 929.92, -325, "T", "DIP", "GND", "GND", "C", 59.84, 59.84, 40, 0],
		[43, "U1_16", 929.92, -325, "B", "DIP", "GND", "GND", "C", 59.84, 59.84, 40, 0],
		[44, "U1_17", 929.92, -425, "T", "DIP", "$1N2847", "", "C", 59.84, 59.84, 40, 0],
		[45, "U1_17", 929.92, -425, "B", "DIP", "$1N2847", "", "C", 59.84, 59.84, 40, 0],
		[46, "U1_18", 929.92, -525, "T", "DIP", "$1N2864", "", "C", 59.84, 59.84, 40, 0],
		[47, "U1_18", 929.92, -525, "B", "DIP", "$1N2864", "", "C", 59.84, 59.84, 40, 0],
		[48, "U1_19", 929.92, -625, "T", "DIP", "P21R", "", "C", 59.84, 59.84, 40, 0],
		[49, "U1_19", 929.92, -625, "B", "DIP", "P21R", "", "C", 59.84, 59.84, 40, 0],
		[50, "U1_20", 929.92, -725, "T", "DIP", "P20R", "", "C", 59.84, 59.84, 40, 0],
		[51, "U1_20", 929.92, -725, "B", "DIP", "P20R", "", "C", 59.84, 59.84, 40, 0],
		[52, "U1_21", 929.92, -825, "T", "DIP", "P19R", "", "C", 59.84, 59.84, 40, 0],
		[53, "U1_21", 929.92, -825, "B", "DIP", "P19R", "", "C", 59.84, 59.84, 40, 0],
		[54, "U1_22", 929.92, -925, "T", "DIP", "P18R", "", "C", 59.84, 59.84, 40, 0],
		[55, "U1_22", 929.92, -925, "B", "DIP", "P18R", "", "C", 59.84, 59.84, 40, 0],
		[56, "U1_23", 929.92, -1025, "T", "DIP", "P15R", "", "C", 59.84, 59.84, 40, 0],
		[57, "U1_23", 929.92, -1025, "B", "DIP", "P15R", "", "C", 59.84, 59.84, 40, 0],
		[58, "U1_24", 929.92, -1125, "T", "DIP", "P14R", "", "C", 59.84, 59.84, 40, 0],
		[59, "U1_24", 929.92, -1125, "B", "DIP", "P14R", "", "C", 59.84, 59.84, 40, 0],
		[60, "U1_25", 929.92, -1225, "T", "DIP", "P16R", "", "C", 59.84, 59.84, 40, 0],
		[61, "U1_25", 929.92, -1225, "B", "DIP", "P16R", "", "C", 59.84, 59.84, 40, 0],
		[62, "U1_26", 929.92, -1325, "T", "DIP", "P10R", "", "C", 59.84, 59.84, 40, 0],
		[63, "U1_26", 929.92, -1325, "B", "DIP", "P10R", "", "C", 59.84, 59.84, 40, 0],
		[64, "U4_2", 929.92, -2540, "T", "DIP", "P1", "", "C", 59.84, 59.84, 40, 0],
		[65, "U4_2", 929.92, -2540, "B", "DIP", "P1", "", "C", 59.84, 59.84, 40, 0],
		[66, "U4_3", 929.92, -2440, "T", "DIP", "P0", "", "C", 59.84, 59.84, 40, 0],
		[67, "U4_3", 929.92, -2440, "B", "DIP", "P0", "", "C", 59.84, 59.84, 40, 0],
		[68, "U4_4", 929.92, -2340, "T", "DIP", "GND", "GND", "C", 59.84, 59.84, 40, 0],
		[69, "U4_4", 929.92, -2340, "B", "DIP", "GND", "GND", "C", 59.84, 59.84, 40, 0],
		[70, "U4_5", 929.92, -2240, "T", "DIP", "GND", "GND", "C", 59.84, 59.84, 40, 0],
		[71, "U4_5", 929.92, -2240, "B", "DIP", "GND", "GND", "C", 59.84, 59.84, 40, 0],
		[72, "U4_6", 929.92, -2140, "T", "DIP", "P2", "", "C", 59.84, 59.84, 40, 0],
		[73, "U4_6", 929.92, -2140, "B", "DIP", "P2", "", "C", 59.84, 59.84, 40, 0],
		[74, "U4_7", 929.92, -2040, "T", "DIP", "P3", "", "C", 59.84, 59.84, 40, 0],
		[75, "U4_7", 929.92, -2040, "B", "DIP", "P3", "", "C", 59.84, 59.84, 40, 0],
		[76, "U4_8", 929.92, -1940, "T", "DIP", "P4", "", "C", 59.84, 59.84, 40, 0],
		[77, "U4_8", 929.92, -1940, "B", "DIP", "P4", "", "C", 59.84, 59.84, 40, 0],
		[78, "U4_9", 929.92, -1840, "T", "DIP", "P5", "", "C", 59.84, 59.84, 40, 0],
		[79, "U4_9", 929.92, -1840, "B", "DIP", "P5", "", "C", 59.84, 59.84, 40, 0],
		[80, "U4_10", 929.92, -1740, "T", "DIP", "P6", "", "C", 59.84, 59.84, 40, 0],
		[81, "U4_10", 929.92, -1740, "B", "DIP", "P6", "", "C", 59.84, 59.84, 40, 0],
		[82, "U4_11", 929.92, -1640, "T", "DIP", "P7", "", "C", 59.84, 59.84, 40, 0],
		[83, "U4_11", 929.92, -1640, "B", "DIP", "P7", "", "C", 59.84, 59.84, 40, 0],
		[84, "U4_12", 929.92, -1540, "T", "DIP", "P8", "", "C", 59.84, 59.84, 40, 0],
		[85, "U4_12", 929.92, -1540, "B", "DIP", "P8", "", "C", 59.84, 59.84, 40, 0],
		[86, "U4_13", 929.92, -1440, "T", "DIP", "P9", "", "C", 59.84, 59.84, 40, 0],
		[87, "U4_13", 929.92, -1440, "B", "DIP", "P9", "", "C", 59.84, 59.84, 40, 0],
		[88, "U4_15", 329.92, -2540, "T", "DIP", "U4_15", "", "C", 59.84, 59.84, 40, 180],
		[89, "U4_15", 329.92, -2540, "B", "DIP", "U4_15", "", "C", 59.84, 59.84, 40, 180],
		[90, "U4_16", 329.92, -2440, "T", "DIP", "GND", "GND", "C", 59.84, 59.84, 40, 180],
		[91, "U4_16", 329.92, -2440, "B", "DIP", "GND", "GND", "C", 59.84, 59.84, 40, 180],
		[92, "U4_17", 329.92, -2340, "T", "DIP", "$1N3027", "", "C", 59.84, 59.84, 40, 180],
		[93, "U4_17", 329.92, -2340, "B", "DIP", "$1N3027", "", "C", 59.84, 59.84, 40, 180],
		[94, "U4_18", 329.92, -2240, "T", "DIP", "$1N2864", "", "C", 59.84, 59.84, 40, 180],
		[95, "U4_18", 329.92, -2240, "B", "DIP", "$1N2864", "", "C", 59.84, 59.84, 40, 180],
		[96, "U4_19", 329.92, -2140, "T", "DIP", "P21", "", "C", 59.84, 59.84, 40, 180],
		[97, "U4_19", 329.92, -2140, "B", "DIP", "P21", "", "C", 59.84, 59.84, 40, 180],
		[98, "U4_20", 329.92, -2040, "T", "DIP", "P20", "", "C", 59.84, 59.84, 40, 180],
		[99, "U4_20", 329.92, -2040, "B", "DIP", "P20", "", "C", 59.84, 59.84, 40, 180],
		[100, "U4_21", 329.92, -1940, "T", "DIP", "P19", "", "C", 59.84, 59.84, 40, 180],
		[101, "U4_21", 329.92, -1940, "B", "DIP", "P19", "", "C", 59.84, 59.84, 40, 180],
		[102, "U4_22", 329.92, -1840, "T", "DIP", "P18", "", "C", 59.84, 59.84, 40, 180],
		[103, "U4_22", 329.92, -1840, "B", "DIP", "P18", "", "C", 59.84, 59.84, 40, 180],
		[104, "U4_23", 329.92, -1740, "T", "DIP", "P15", "", "C", 59.84, 59.84, 40, 180],
		[105, "U4_23", 329.92, -1740, "B", "DIP", "P15", "", "C", 59.84, 59.84, 40, 180],
		[106, "U4_24", 329.92, -1640, "T", "DIP", "P14", "", "C", 59.84, 59.84, 40, 180],
		[107, "U4_24", 329.92, -1640, "B", "DIP", "P14", "", "C", 59.84, 59.84, 40, 180],
		[108, "U4_25", 329.92, -1540, "T", "DIP", "P16", "", "C", 59.84, 59.84, 40, 180],
		[109, "U4_25", 329.92, -1540, "B", "DIP", "P16", "", "C", 59.84, 59.84, 40, 180],
		[110, "U4_26", 329.92, -1440, "T", "DIP", "P10", "", "C", 59.84, 59.84, 40, 180],
		[111, "U4_26", 329.92, -1440, "B", "DIP", "P10", "", "C", 59.84, 59.84, 40, 180],
		[112, "U5_1", 210.69, -1092.33, "T", "SMD", "U5_1", "", "R", 11.81, 49.21, 0, 270],
		[113, "U5_2", 210.69, -1072.64, "T", "SMD", "U5_2", "", "R", 11.81, 49.21, 0, 270],
		[114, "U5_3", 210.69, -1052.95, "T", "SMD", "U5_3", "", "R", 11.81, 49.21, 0, 270],
		[115, "U5_4", 210.69, -1033.28, "T", "SMD", "U5_4", "", "R", 11.81, 49.21, 0, 270],
		[116, "U5_5", 210.69, -1013.58, "T", "SMD", "P4", "", "R", 11.81, 49.21, 0, 270],
		[117, "U5_6", 210.69, -993.89, "T", "SMD", "P5", "", "R", 11.81, 49.21, 0, 270],
		[118, "U5_7", 210.69, -974.21, "T", "SMD", "P6", "", "R", 11.81, 49.21, 0, 270],
		[119, "U5_8", 210.69, -954.52, "T", "SMD", "P7", "", "R", 11.81, 49.21, 0, 270],
		[120, "U5_9", 210.69, -934.85, "T", "SMD", "P8", "", "R", 11.81, 49.21, 0, 270],
		[121, "U5_10", 210.69, -915.15, "T", "SMD", "U5_10", "", "R", 11.81, 49.21, 0, 270],
		[122, "U5_11", 210.69, -895.48, "T", "SMD", "P21", "", "R", 11.81, 49.21, 0, 270],
		[123, "U5_12", 210.69, -875.79, "T", "SMD", "P20", "", "R", 11.81, 49.21, 0, 270],
		[124, "U5_13", 210.69, -856.11, "T", "SMD", "P19", "", "R", 11.81, 49.21, 0, 270],
		[125, "U5_14", 210.69, -836.42, "T", "SMD", "P18", "", "R", 11.81, 49.21, 0, 270],
		[126, "U5_15", 210.69, -816.74, "T", "SMD", "P15", "", "R", 11.81, 49.21, 0, 270],
		[127, "U5_16", 210.69, -797.04, "T", "SMD", "P14", "", "R", 11.81, 49.21, 0, 270],
		[128, "U5_17", 210.69, -777.37, "T", "SMD", "P16", "", "R", 11.81, 49.21, 0, 270],
		[129, "U5_18", 210.69, -757.67, "T", "SMD", "P10", "", "R", 11.81, 49.21, 0, 270],
		[130, "U5_19", 109.31, -690.75, "T", "SMD", "U5_19", "", "R", 78.74, 98.42, 0, 270],
		[131, "U5_20", 109.31, -1159.26, "T", "SMD", "U5_20", "", "R", 78.74, 98.42, 0, 270],
		[132, "U6_1", 1049.31, -757.67, "T", "SMD", "P21R", "", "R", 11.81, 49.21, 0, 90],
		[133, "U6_2", 1049.31, -777.36, "T", "SMD", "P20R", "", "R", 11.81, 49.21, 0, 90],
		[134, "U6_3", 1049.31, -797.04, "T", "SMD", "P19R", "", "R", 11.81, 49.21, 0, 90],
		[135, "U6_4", 1049.31, -816.73, "T", "SMD", "P18R", "", "R", 11.81, 49.21, 0, 90],
		[136, "U6_5", 1049.31, -836.42, "T", "SMD", "P15R", "", "R", 11.81, 49.21, 0, 90],
		[137, "U6_6", 1049.31, -856.11, "T", "SMD", "P14R", "", "R", 11.81, 49.21, 0, 90],
		[138, "U6_7", 1049.31, -875.79, "T", "SMD", "P16R", "", "R", 11.81, 49.21, 0, 90],
		[139, "U6_8", 1049.31, -895.48, "T", "SMD", "P10R", "", "R", 11.81, 49.21, 0, 90],
		[140, "U6_9", 1049.31, -915.15, "T", "SMD", "U6_9", "", "R", 11.81, 49.21, 0, 90],
		[141, "U6_10", 1049.31, -934.85, "T", "SMD", "U6_10", "", "R", 11.81, 49.21, 0, 90],
		[142, "U6_11", 1049.31, -954.52, "T", "SMD", "P8R", "", "R", 11.81, 49.21, 0, 90],
		[143, "U6_12", 1049.31, -974.21, "T", "SMD", "P7R", "", "R", 11.81, 49.21, 0, 90],
		[144, "U6_13", 1049.31, -993.89, "T", "SMD", "P6R", "", "R", 11.81, 49.21, 0, 90],
		[145, "U6_14", 1049.31, -1013.58, "T", "SMD", "P5R", "", "R", 11.81, 49.21, 0, 90],
		[146, "U6_15", 1049.31, -1033.26, "T", "SMD", "P4R", "", "R", 11.81, 49.21, 0, 90],
		[147, "U6_16", 1049.31, -1052.95, "T", "SMD", "U6_16", "", "R", 11.81, 49.21, 0, 90],
		[148, "U6_17", 1049.31, -1072.63, "T", "SMD", "U6_17", "", "R", 11.81, 49.21, 0, 90],
		[149, "U6_18", 1049.31, -1092.33, "T", "SMD", "U6_18", "", "R", 11.81, 49.21, 0, 90],
		[150, "U6_19", 1150.69, -1159.26, "T", "SMD", "U6_19", "", "R", 78.74, 98.42, 0, 90],
		[151, "U6_20", 1150.69, -690.75, "T", "SMD", "U6_20", "", "R", 78.74, 98.42, 0, 90]
	]
}
}