{
"lengthUnit": "mil",
"components": {
	"fields": ["COMPONENT_NO", "COMPONENT_NAME", "LAYER", "X_COORDINATE", "Y_COORDINATE", "ANGLE"],
	"rows": [
		[1, "CN1", "B", -825.18, -2039.82, 270],
		[2, "D1", "B", -6778.77, 645.18, 180],
		[3, "D2", "B", -5885.18, 585.18, 180],
		[4, "D3", "B", -5105.18, 585.18, 180],
		[5, "D4", "B", -4380.18, 655.18, 180],
		[6, "D5", "B", -3615.18, 505.18, 168],
		[7, "D6", "B", -2880.18, 345.18, 168],
		[8, "D7", "B", -2145.18, 190.18, 168],
		[9, "D8", "B", -1410.18, 40.18, 168],
		[10, "D9", "B", -6935.18, -94.82, 180],
		[11, "D10", "B", -5835.18, -169.82, 180],
		[12, "D11", "B", -4915.18, -169.82, 180],
		[13, "D12", "B", -4145.18, -154.82, 168],
		[14, "D13", "B", -3400.18, -314.82, 168],
		[15, "D14", "B", -2670.18, -469.82, 168],
		[16, "D15", "B", -1935.18, -624.82, 168],
		[17, "D17", "B", -7105.18, -854.82, 180],
		[18, "D18", "B", -6100.18, -914.82, 180],
		[19, "D19", "B", -4885.18, -934.82, 180],
		[20, "D20", "B", -4105.18, -929.82, 168],
		[21, "D21", "B", -3380.18, -1069.82, 168],
		[22, "D22", "B", -2635.18, -1234.82, 168],
		[23, "D23", "B", -1915.18, -1384.82, 168],
		[24, "D26", "B", -5890.18, -1689.82, 180],
		[25, "D27", "B", -4675.18, -1689.82, 180],
		[26, "D28", "B", -3900.18, -1719.82, 168],
		[27, "D29", "B", -3175.18, -1884.82, 168],
		[28, "D30", "B", -2435.18, -2049.82, 168],
		[29, "D31", "B", -1710.18, -2204.82, 168],
		[30, "D34", "B", -6260.18, -2444.82, 180],
		[31, "D35", "B", -5325.18, -2449.82, 180],
		[32, "D37", "B", -3610.18, -2574.82, 168],
		[33, "D39", "B", -2320.18, -2844.82, 168],
		[34, "H1", "T", -825.18, -1234.82, 270],
		[35, "LED1", "B", -7113.42, -1461.08, 180],
		[36, "LED2", "B", -7113.42, -1624.37, 180],
		[37, "LED3", "B", -7113.42, -1787.66, 180],
		[38, "LED4", "B", -7113.42, -1950.94, 180],
		[39, "LED5", "B", -7113.42, -2114.23, 180],
		[40, "LED6", "B", -7113.44, -2284.63, 180],
		[41, "U1", "T", -6780.18, 825.18, 0],
		[42, "U2", "T", -5875.18, 745.18, 0],
		[43, "U3", "T", -5106.39, 737.81, 0],
		[44, "U4", "T", -4379.23, 817.81, 0],
		[45, "U5", "T", -3585.18, 670.18, 348],
		[46, "U6", "T", -2855.18, 510.18, 348],
		[47, "U7", "T", -2115.18, 355.18, 348],
		[48, "U8", "T", -1385.18, 200.18, 348],
		[49, "U9", "T", -6940.18, 80.18, 0],
		[50, "U10", "T", -5850.18, -9.82, 0],
		[51, "U11", "T", -4915.18, -9.82, 0],
		[52, "U12", "T", -4105.18, 15.18, 348],
		[53, "U13", "T", -3370.18, -139.82, 348],
		[54, "U14", "T", -2635.18, -294.82, 348],
		[55, "U15", "T", -1902.73, -451.76, 348],
		[56, "U17", "T", -7105.18, -674.82, 0],
		[57, "U18", "T", -6100.18, -754.82, 0],
		[58, "U19", "T", -4885.18, -759.82, 0],
		[59, "U20", "T", -4075.18, -759.82, 348],
		[60, "U21", "T", -3345.18, -914.82, 348],
		[61, "U22", "T", -2610.18, -1069.82, 348],
		[62, "U23", "T", -1875.18, -1224.82, 348],
		[63, "U26", "T", -5890.18, -1509.82, 0],
		[64, "U27", "T", -4675.18, -1509.82, 0],
		[65, "U28", "T", -3865.18, -1569.82, 348],
		[66, "U29", "T", -3135.18, -1724.82, 348],
		[67, "U30", "T", -2400.18, -1879.82, 348],
		[68, "U31", "T", -1675.18, -2039.82, 348],
		[69, "U34", "T", -6263.56, -2252.15, 0],
		[70, "U35", "T", -5326.39, -2252.15, 0],
		[71, "U37", "T", -3580.18, -2414.82, 348],
		[72, "U39", "T", -2295.18, -2689.82, 348]
	]
},
"pins": {
	"fields": ["PIN_NO", "PIN_NAME", "PIN_X", "PIN_Y", "LAYER", "PIN_TYPE", "NET_NAME", "NET_TYPE", "PAD_SHAPE", "PAD_SIZEX", "PAD_SIZEY", "HOLE_SIZE", "PAD_ANGLE"],
	"rows": [
		[1, "CN1_1", -825.18, -2000.45, "T", "DIP", "VCC", "", "C", 60, 60, 36, 270],
		[2, "CN1_1", -825.18, -2000.45, "B", "DIP", "VCC", "", "C", 60, 60, 36, 270],
		[3, "CN1_2", -825.18, -2079.19, "T", "DIP", "GND", "GND", "C", 60, 60, 36, 270],
		[4, "CN1_2", -825.18, -2079.19, "B", "DIP", "GND", "GND", "C", 60, 60, 36, 270],
		[5, "D1_1", -6716.09, 645.18, "B", "SMD", "ROW0", "", "R", 34.65, 37.8, 0, 180],
		[6, "D1_2", -6842.86, 645.18, "B", "SMD", "$1N4395", "", "R", 34.65, 37.8, 0, 180],
		[7, "D2_1", -5822.51, 585.18, "B", "SMD", "ROW0", "", "R", 34.65, 37.8, 0, 180],
		[8, "D2_2", -5949.28, 585.18, "B", "SMD", "$1N4398", "", "R", 34.65, 37.8, 0, 180],
		[9, "D3_1", -5042.51, 585.18, "B", "SMD", "ROW0", "", "R", 34.65, 37.8, 0, 180],
		[10, "D3_2", -5169.28, 585.18, "B", "SMD", "$1N4402", "", "R", 34.65, 37.8, 0, 180],
		[11, "D4_1", -4317.51, 655.18, "B", "SMD", "ROW0", "", "R", 34.65, 37.8, 0, 180],
		[12, "D4_2", -4444.28, 655.18, "B", "SMD", "$1N4406", "", "R", 34.65, 37.8, 0, 180],
		[13, "D5_1", -3553.88, 492.15, "B", "SMD", "ROW0", "", "R", 34.65, 37.8, 0, 168],
		[14, "D5_2", -3677.88, 518.51, "B", "SMD", "$1N4410", "", "R", 34.65, 37.8, 0, 168],
		[15, "D6_1", -2818.88, 332.15, "B", "SMD", "ROW0", "", "R", 34.65, 37.8, 0, 168],
		[16, "D6_2", -2942.88, 358.51, "B", "SMD", "$1N4414", "", "R", 34.65, 37.8, 0, 168],
		[17, "D7_1", -2083.88, 177.15, "B", "SMD", "ROW0", "", "R", 34.65, 37.8, 0, 168],
		[18, "D7_2", -2207.88, 203.51, "B", "SMD", "$1N4418", "", "R", 34.65, 37.8, 0, 168],
		[19, "D8_1", -1348.88, 27.15, "B", "SMD", "ROW0", "", "R", 34.65, 37.8, 0, 168],
		[20, "D8_2", -1472.88, 53.51, "B", "SMD", "$1N4422", "", "R", 34.65, 37.8, 0, 168],
		[21, "D9_1", -6872.51, -94.82, "B", "SMD", "ROW1", "", "R", 34.65, 37.8, 0, 180],
		[22, "D9_2", -6999.28, -94.82, "B", "SMD", "$1N4426", "", "R", 34.65, 37.8, 0, 180],
		[23, "D10_1", -5772.51, -169.82, "B", "SMD", "ROW1", "", "R", 34.65, 37.8, 0, 180],
		[24, "D10_2", -5899.28, -169.82, "B", "SMD", "$1N4430", "", "R", 34.65, 37.8, 0, 180],
		[25, "D11_1", -4852.51, -169.82, "B", "SMD", "ROW1", "", "R", 34.65, 37.8, 0, 180],
		[26, "D11_2", -4979.28, -169.82, "B", "SMD", "$1N4434", "", "R", 34.65, 37.8, 0, 180],
		[27, "D12_1", -4083.88, -167.85, "B", "SMD", "ROW1", "", "R", 34.65, 37.8, 0, 168],
		[28, "D12_2", -4207.88, -141.49, "B", "SMD", "$1N4438", "", "R", 34.65, 37.8, 0, 168],
		[29, "D13_1", -3338.88, -327.85, "B", "SMD", "ROW1", "", "R", 34.65, 37.8, 0, 168],
		[30, "D13_2", -3462.88, -301.49, "B", "SMD", "$1N4442", "", "R", 34.65, 37.8, 0, 168],
		[31, "D14_1", -2608.88, -482.85, "B", "SMD", "ROW1", "", "R", 34.65, 37.8, 0, 168],
		[32, "D14_2", -2732.88, -456.49, "B", "SMD", "$1N4446", "", "R", 34.65, 37.8, 0, 168],
		[33, "D15_1", -1873.88, -637.85, "B", "SMD", "ROW1", "", "R", 34.65, 37.8, 0, 168],
		[34, "D15_2", -1997.88, -611.49, "B", "SMD", "$1N4450", "", "R", 34.65, 37.8, 0, 168],
		[35, "D17_1", -7042.51, -854.82, "B", "SMD", "ROW2", "", "R", 34.65, 37.8, 0, 180],
		[36, "D17_2", -7169.28, -854.82, "B", "SMD", "$1N4458", "", "R", 34.65, 37.8, 0, 180],
		[37, "D18_1", -6037.51, -914.82, "B", "SMD", "ROW2", "", "R", 34.65, 37.8, 0, 180],
		[38, "D18_2", -6164.28, -914.82, "B", "SMD", "$1N4462", "", "R", 34.65, 37.8, 0, 180],
		[39, "D19_1", -4822.51, -934.82, "B", "SMD", "ROW2", "", "R", 34.65, 37.8, 0, 180],
		[40, "D19_2", -4949.28, -934.82, "B", "SMD", "$1N4466", "", "R", 34.65, 37.8, 0, 180],
		[41, "D20_1", -4043.88, -942.85, "B", "SMD", "ROW2", "", "R", 34.65, 37.8, 0, 168],
		[42, "D20_2", -4167.88, -916.49, "B", "SMD", "$1N4470", "", "R", 34.65, 37.8, 0, 168],
		[43, "D21_1", -3318.88, -1082.85, "B", "SMD", "ROW2", "", "R", 34.65, 37.8, 0, 168],
		[44, "D21_2", -3442.88, -1056.49, "B", "SMD", "$1N4474", "", "R", 34.65, 37.8, 0, 168],
		[45, "D22_1", -2573.88, -1247.85, "B", "SMD", "ROW2", "", "R", 34.65, 37.8, 0, 168],
		[46, "D22_2", -2697.88, -1221.49, "B", "SMD", "$1N4478", "", "R", 34.65, 37.8, 0, 168],
		[47, "D23_1", -1853.88, -1397.85, "B", "SMD", "ROW2", "", "R", 34.65, 37.8, 0, 168],
		[48, "D23_2", -1977.88, -1371.49, "B", "SMD", "$1N4482", "", "R", 34.65, 37.8, 0, 168],
		[49, "D26_1", -5827.51, -1689.82, "B", "SMD", "ROW3", "", "R", 34.65, 37.8, 0, 180],
		[50, "D26_2", -5954.28, -1689.82, "B", "SMD", "$1N4494", "", "R", 34.65, 37.8, 0, 180],
		[51, "D27_1", -4612.51, -1689.82, "B", "SMD", "ROW3", "", "R", 34.65, 37.8, 0, 180],
		[52, "D27_2", -4739.28, -1689.82, "B", "SMD", "$1N4498", "", "R", 34.65, 37.8, 0, 180],
		[53, "D28_1", -3838.88, -1732.85, "B", "SMD", "ROW3", "", "R", 34.65, 37.8, 0, 168],
		[54, "D28_2", -3962.88, -1706.49, "B", "SMD", "$1N4502", "", "R", 34.65, 37.8, 0, 168],
		[55, "D29_1", -3113.88, -1897.85, "B", "SMD", "ROW3", "", "R", 34.65, 37.8, 0, 168],
		[56, "D29_2", -3237.88, -1871.49, "B", "SMD", "$1N4506", "", "R", 34.65, 37.8, 0, 168],
		[57, "D30_1", -2373.88, -2062.85, "B", "SMD", "ROW3", "", "R", 34.65, 37.8, 0, 168],
		[58, "D30_2", -2497.88, -2036.49, "B", "SMD", "$1N4510", "", "R", 34.65, 37.8, 0, 168],
		[59, "D31_1", -1648.88, -2217.85, "B", "SMD", "ROW3", "", "R", 34.65, 37.8, 0, 168],
		[60, "D31_2", -1772.88, -2191.49, "B", "SMD", "$1N4514", "", "R", 34.65, 37.8, 0, 168],
		[61, "D34_1", -6197.51, -2444.82, "B", "SMD", "ROW4", "", "R", 34.65, 37.8, 0, 180],
		[62, "D34_2", -6324.28, -2444.82, "B", "SMD", "$1N4526", "", "R", 34.65, 37.8, 0, 180],
		[63, "D35_1", -5262.51, -2449.82, "B", "SMD", "ROW4", "", "R", 34.65, 37.8, 0, 180],
		[64, "D35_2", -5389.28, -2449.82, "B", "SMD", "$1N4530", "", "R", 34.65, 37.8, 0, 180],
		[65, "D37_1", -3548.88, -2587.85, "B", "SMD", "ROW4", "", "R", 34.65, 37.8, 0, 168],
		[66, "D37_2", -3672.88, -2561.49, "B", "SMD", "$1N4538", "", "R", 34.65, 37.8, 0, 168],
		[67, "D39_1", -2258.88, -2857.85, "B", "SMD", "ROW4", "", "R", 34.65, 37.8, 0, 168],
		[68, "D39_2", -2382.88, -2831.49, "B", "SMD", "$1N4546", "", "R", 34.65, 37.8, 0, 168],
		[69, "H1_1", -875.18, -934.82, "T", "DIP", "COL0", "", "R", 66.93, 66.93, 43.31, 270],
		[70, "H1_1", -875.18, -934.82, "B", "DIP", "COL0", "", "R", 66.93, 66.93, 43.31, 270],
		[71, "H1_2", -775.18, -934.82, "T", "DIP", "COL7", "", "C", 66.93, 66.93, 43.31, 270],
		[72, "H1_2", -775.18, -934.82, "B", "DIP", "COL7", "", "C", 66.93, 66.93, 43.31, 270],
		[73, "H1_3", -875.18, -1034.82, "T", "DIP", "COL1", "", "C", 66.93, 66.93, 43.31, 270],
		[74, "H1_3", -875.18, -1034.82, "B", "DIP", "COL1", "", "C", 66.93, 66.93, 43.31, 270],
		[75, "H1_4", -775.18, -1034.82, "T", "DIP", "ROW0", "", "C", 66.93, 66.93, 43.31, 270],
		[76, "H1_4", -775.18, -1034.82, "B", "DIP", "ROW0", "", "C", 66.93, 66.93, 43.31, 270],
		[77, "H1_5", -875.18, -1134.82, "T", "DIP", "COL2", "", "C", 66.93, 66.93, 43.31, 270],
		[78, "H1_5", -875.18, -1134.82, "B", "DIP", "COL2", "", "C", 66.93, 66.93, 43.31, 270],
		[79, "H1_6", -775.18, -1134.82, "T", "DIP", "ROW1", "", "C", 66.93, 66.93, 43.31, 270],
		[80, "H1_6", -775.18, -1134.82, "B", "DIP", "ROW1", "", "C", 66.93, 66.93, 43.31, 270],
		[81, "H1_7", -875.18, -1234.82, "T", "DIP", "COL3", "", "C", 66.93, 66.93, 43.31, 270],
		[82, "H1_7", -875.18, -1234.82, "B", "DIP", "COL3", "", "C", 66.93, 66.93, 43.31, 270],
		[83, "H1_8", -775.18, -1234.82, "T", "DIP", "ROW2", "", "C", 66.93, 66.93, 43.31, 270],
		[84, "H1_8", -775.18, -1234.82, "B", "DIP", "ROW2", "", "C", 66.93, 66.93, 43.31, 270],
		[85, "H1_9", -875.18, -1334.82, "T", "DIP", "COL4", "", "C", 66.93, 66.93, 43.31, 270],
		[86, "H1_9", -875.18, -1334.82, "B", "DIP", "COL4", "", "C", 66.93, 66.93, 43.31, 270],
		[87, "H1_10", -775.18, -1334.82, "T", "DIP", "ROW3", "", "C", 66.93, 66.93, 43.31, 270],
		[88, "H1_10", -775.18, -1334.82, "B", "DIP", "ROW3", "", "C", 66.93, 66.93, 43.31, 270],
		[89, "H1_11", -875.18, -1434.82, "T", "DIP", "COL5", "", "C", 66.93, 66.93, 43.31, 270],
		[90, "H1_11", -875.18, -1434.82, "B", "DIP", "COL5", "", "C", 66.93, 66.93, 43.31, 270],
		[91, "H1_12", -775.18, -1434.82, "T", "DIP", "ROW4", "", "C", 66.93, 66.93, 43.31, 270],
		[92, "H1_12", -775.18, -1434.82, "B", "DIP", "ROW4", "", "C", 66.93, 66.93, 43.31, 270],
		[93, "H1_13", -875.18, -1534.82, "T", "DIP", "COL6", "", "C", 66.93, 66.93, 43.31, 270],
		[94, "H1_13", -875.18, -1534.82, "B", "DIP", "COL6", "", "C", 66.93, 66.93, 43.31, 270],
		[95, "H1_14", -775.18, -1534.82, "T", "DIP", "LED", "", "C", 66.93, 66.93, 43.31, 270],
		[96, "H1_14", -775.18, -1534.82, "B", "DIP", "LED", "", "C", 66.93, 66.93, 43.31, 270],
		[97, "LED1_1", -7015, -1490.61, "B", "SMD", "VCC", "", "R", 32.28, 47.24, 0, 90],
		[98, "LED1_2", -7015, -1431.55, "B", "SMD", "LED1_2", "", "R", 32.28, 47.24, 0, 90],
		[99, "LED1_3", -7211.85, -1431.55, "B", "SMD", "GND", "GND", "R", 32.28, 47.24, 0, 90],
		[100, "LED1_4", -7211.85, -1490.61, "B", "SMD", "$1N6778", "", "R", 32.28, 47.24, 0, 90],
		[101, "LED2_1", -7015, -1653.9, "B", "SMD", "VCC", "", "R", 32.28, 47.24, 0, 90],
		[102, "LED2_2", -7015, -1594.84, "B", "SMD", "$1N6778", "", "R", 32.28, 47.24, 0, 90],
		[103, "LED2_3", -7211.85, -1594.84, "B", "SMD", "GND", "GND", "R", 32.28, 47.24, 0, 90],
		[104, "LED2_4", -7211.85, -1653.9, "B", "SMD", "$1N6785", "", "R", 32.28, 47.24, 0, 90],
		[105, "LED3_1", -7015, -1817.19, "B", "SMD", "VCC", "", "R", 32.28, 47.24, 0, 90],
		[106, "LED3_2", -7015, -1758.13, "B", "SMD", "$1N6785", "", "R", 32.28, 47.24, 0, 90],
		[107, "LED3_3", -7211.85, -1758.13, "B", "SMD", "GND", "GND", "R", 32.28, 47.24, 0, 90],
		[108, "LED3_4", -7211.85, -1817.19, "B", "SMD", "$1N6794", "", "R", 32.28, 47.24, 0, 90],
		[109, "LED4_1", -7015, -1980.47, "B", "SMD", "VCC", "", "R", 32.28, 47.24, 0, 90],
		[110, "LED4_2", -7015, -1921.41, "B", "SMD", "$1N6794", "", "R", 32.28, 47.24, 0, 90],
		[111, "LED4_3", -7211.85, -1921.41, "B", "SMD", "GND", "GND", "R", 32.28, 47.24, 0, 90],
		[112, "LED4_4", -7211.85, -1980.47, "B", "SMD", "$1N6808", "", "R", 32.28, 47.24, 0, 90],
		[113, "LED5_1", -7015, -2143.76, "B", "SMD", "VCC", "", "R", 32.28, 47.24, 0, 90],
		[114, "LED5_2", -7015, -2084.7, "B", "SMD", "$1N6808", "", "R", 32.28, 47.24, 0, 90],
		[115, "LED5_3", -7211.85, -2084.7, "B", "SMD", "GND", "GND", "R", 32.28, 47.24, 0, 90],
		[116, "LED5_4", -7211.85, -2143.76, "B", "SMD", "$1N7036", "", "R", 32.28, 47.24, 0, 90],
		[117, "LED6_1", -7015.01, -2314.16, "B", "SMD", "VCC", "", "R", 32.28, 47.24, 0, 90],
		[118, "LED6_2", -7015.01, -2255.1, "B", "SMD", "$1N7036", "", "R", 32.28, 47.24, 0, 90],
		[119, "LED6_3", -7211.86, -2255.1, "B", "SMD", "GND", "GND", "R", 32.28, 47.24, 0, 90],
		[120, "LED6_4", -7211.86, -2314.16, "B", "SMD", "LED", "", "R", 32.28, 47.24, 0, 90],
		[121, "U1_1", -6530.16, 1018.01, "B", "SMD", "COL0", "", "R", 98.42, 98.42, 0, 180],
		[122, "U1_1", -6675.16, 1019.01, "T", "DIP", "COL0", "", "C", 128, 128, 118.11, 180],
		[123, "U1_1", -6675.16, 1019.01, "B", "DIP", "COL0", "", "C", 128, 128, 118.11, 180],
		[124, "U1_2", -7075.53, 918.94, "B", "SMD", "$1N4395", "", "R", 98.42, 98.42, 0, 180],
		[125, "U1_2", -6927.16, 925.01, "T", "DIP", "$1N4395", "", "C", 128, 128, 118.11, 180],
		[126, "U1_2", -6927.16, 925.01, "B", "DIP", "$1N4395", "", "C", 128, 128, 118.11, 180],
		[127, "U1_3", -6778.16, 824.01, "T", "DIP", "U1_3", "", "C", 170, 170, 157.48, 360],
		[128, "U1_3", -6778.16, 824.01, "B", "DIP", "U1_3", "", "C", 170, 170, 157.48, 360],
		[129, "U1_4", -6975.03, 824, "T", "DIP", "U1_4", "", "C", 78.74, 78.74, 68.9, 360],
		[130, "U1_4", -6975.03, 824, "B", "DIP", "U1_4", "", "C", 78.74, 78.74, 68.9, 360],
		[131, "U1_5", -6581.33, 824, "T", "DIP", "U1_5", "", "C", 78.74, 78.74, 68.9, 360],
		[132, "U1_5", -6581.33, 824, "B", "DIP", "U1_5", "", "C", 78.74, 78.74, 68.9, 360],
		[133, "U2_1", -5625.16, 938.01, "B", "SMD", "COL1", "", "R", 98.42, 98.42, 0, 180],
		[134, "U2_1", -5770.16, 939.01, "T", "DIP", "COL1", "", "C", 128, 128, 118.11, 180],
		[135, "U2_1", -5770.16, 939.01, "B", "DIP", "COL1", "", "C", 128, 128, 118.11, 180],
		[136, "U2_2", -6170.53, 838.94, "B", "SMD", "$1N4398", "", "R", 98.42, 98.42, 0, 180],
		[137, "U2_2", -6022.16, 845.01, "T", "DIP", "$1N4398", "", "C", 128, 128, 118.11, 180],
		[138, "U2_2", -6022.16, 845.01, "B", "DIP", "$1N4398", "", "C", 128, 128, 118.11, 180],
		[139, "U2_3", -5873.16, 744.01, "T", "DIP", "U2_3", "", "C", 170, 170, 157.48, 360],
		[140, "U2_3", -5873.16, 744.01, "B", "DIP", "U2_3", "", "C", 170, 170, 157.48, 360],
		[141, "U2_4", -6070.03, 744, "T", "DIP", "U2_4", "", "C", 78.74, 78.74, 68.9, 360],
		[142, "U2_4", -6070.03, 744, "B", "DIP", "U2_4", "", "C", 78.74, 78.74, 68.9, 360],
		[143, "U2_5", -5676.33, 744, "T", "DIP", "U2_5", "", "C", 78.74, 78.74, 68.9, 360],
		[144, "U2_5", -5676.33, 744, "B", "DIP", "U2_5", "", "C", 78.74, 78.74, 68.9, 360],
		[145, "U3_1", -4856.37, 930.64, "B", "SMD", "COL2", "", "R", 98.42, 98.42, 0, 180],
		[146, "U3_1", -5001.37, 931.64, "T", "DIP", "COL2", "", "C", 128, 128, 118.11, 180],
		[147, "U3_1", -5001.37, 931.64, "B", "DIP", "COL2", "", "C", 128, 128, 118.11, 180],
		[148, "U3_2", -5401.74, 831.57, "B", "SMD", "$1N4402", "", "R", 98.42, 98.42, 0, 180],
		[149, "U3_2", -5253.37, 837.64, "T", "DIP", "$1N4402", "", "C", 128, 128, 118.11, 180],
		[150, "U3_2", -5253.37, 837.64, "B", "DIP", "$1N4402", "", "C", 128, 128, 118.11, 180],
		[151, "U3_3", -5104.37, 736.64, "T", "DIP", "U3_3", "", "C", 170, 170, 157.48, 360],
		[152, "U3_3", -5104.37, 736.64, "B", "DIP", "U3_3", "", "C", 170, 170, 157.48, 360],
		[153, "U3_4", -5301.23, 736.63, "T", "DIP", "U3_4", "", "C", 78.74, 78.74, 68.9, 360],
		[154, "U3_4", -5301.23, 736.63, "B", "DIP", "U3_4", "", "C", 78.74, 78.74, 68.9, 360],
		[155, "U3_5", -4907.53, 736.63, "T", "DIP", "U3_5", "", "C", 78.74, 78.74, 68.9, 360],
		[156, "U3_5", -4907.53, 736.63, "B", "DIP", "U3_5", "", "C", 78.74, 78.74, 68.9, 360],
		[157, "U4_1", -4129.21, 1010.64, "B", "SMD", "COL3", "", "R", 98.42, 98.42, 0, 180],
		[158, "U4_1", -4274.21, 1011.64, "T", "DIP", "COL3", "", "C", 128, 128, 118.11, 180],
		[159, "U4_1", -4274.21, 1011.64, "B", "DIP", "COL3", "", "C", 128, 128, 118.11, 180],
		[160, "U4_2", -4674.58, 911.57, "B", "SMD", "$1N4406", "", "R", 98.42, 98.42, 0, 180],
		[161, "U4_2", -4526.21, 917.64, "T", "DIP", "$1N4406", "", "C", 128, 128, 118.11, 180],
		[162, "U4_2", -4526.21, 917.64, "B", "DIP", "$1N4406", "", "C", 128, 128, 118.11, 180],
		[163, "U4_3", -4377.21, 816.64, "T", "DIP", "U4_3", "", "C", 170, 170, 157.48, 360],
		[164, "U4_3", -4377.21, 816.64, "B", "DIP", "U4_3", "", "C", 170, 170, 157.48, 360],
		[165, "U4_4", -4574.07, 816.63, "T", "DIP", "U4_4", "", "C", 78.74, 78.74, 68.9, 360],
		[166, "U4_4", -4574.07, 816.63, "B", "DIP", "U4_4", "", "C", 78.74, 78.74, 68.9, 360],
		[167, "U4_5", -4180.37, 816.63, "T", "DIP", "U4_5", "", "C", 78.74, 78.74, 68.9, 360],
		[168, "U4_5", -4180.37, 816.63, "B", "DIP", "U4_5", "", "C", 78.74, 78.74, 68.9, 360],
		[169, "U5_1", -3300.54, 806.82, "B", "SMD", "COL4", "", "R", 98.42, 98.42, 0, 168],
		[170, "U5_1", -3442.16, 837.94, "T", "DIP", "COL4", "", "C", 128, 128, 118.11, 168],
		[171, "U5_1", -3442.16, 837.94, "B", "DIP", "COL4", "", "C", 128, 128, 118.11, 168],
		[172, "U5_2", -3854.59, 823.3, "B", "SMD", "$1N4410", "", "R", 98.42, 98.42, 0, 168],
		[173, "U5_2", -3708.2, 798.39, "T", "DIP", "$1N4410", "", "C", 128, 128, 118.11, 168],
		[174, "U5_2", -3708.2, 798.39, "B", "DIP", "$1N4410", "", "C", 128, 128, 118.11, 168],
		[175, "U5_3", -3583.45, 668.62, "T", "DIP", "U5_3", "", "C", 170, 170, 157.48, 348],
		[176, "U5_3", -3583.45, 668.62, "B", "DIP", "U5_3", "", "C", 170, 170, 157.48, 348],
		[177, "U5_4", -3776.01, 709.54, "T", "DIP", "U5_4", "", "C", 78.74, 78.74, 68.9, 348],
		[178, "U5_4", -3776.01, 709.54, "B", "DIP", "U5_4", "", "C", 78.74, 78.74, 68.9, 348],
		[179, "U5_5", -3390.92, 627.68, "T", "DIP", "U5_5", "", "C", 78.74, 78.74, 68.9, 348],
		[180, "U5_5", -3390.92, 627.68, "B", "DIP", "U5_5", "", "C", 78.74, 78.74, 68.9, 348],
		[181, "U6_1", -2570.54, 646.82, "B", "SMD", "COL5", "", "R", 98.42, 98.42, 0, 168],
		[182, "U6_1", -2712.16, 677.94, "T", "DIP", "COL5", "", "C", 128, 128, 118.11, 168],
		[183, "U6_1", -2712.16, 677.94, "B", "DIP", "COL5", "", "C", 128, 128, 118.11, 168],
		[184, "U6_2", -3124.59, 663.3, "B", "SMD", "$1N4414", "", "R", 98.42, 98.42, 0, 168],
		[185, "U6_2", -2978.2, 638.39, "T", "DIP", "$1N4414", "", "C", 128, 128, 118.11, 168],
		[186, "U6_2", -2978.2, 638.39, "B", "DIP", "$1N4414", "", "C", 128, 128, 118.11, 168],
		[187, "U6_3", -2853.45, 508.62, "T", "DIP", "U6_3", "", "C", 170, 170, 157.48, 348],
		[188, "U6_3", -2853.45, 508.62, "B", "DIP", "U6_3", "", "C", 170, 170, 157.48, 348],
		[189, "U6_4", -3046.01, 549.54, "T", "DIP", "U6_4", "", "C", 78.74, 78.74, 68.9, 348],
		[190, "U6_4", -3046.01, 549.54, "B", "DIP", "U6_4", "", "C", 78.74, 78.74, 68.9, 348],
		[191, "U6_5", -2660.92, 467.68, "T", "DIP", "U6_5", "", "C", 78.74, 78.74, 68.9, 348],
		[192, "U6_5", -2660.92, 467.68, "B", "DIP", "U6_5", "", "C", 78.74, 78.74, 68.9, 348],
		[193, "U7_1", -1830.54, 491.82, "B", "SMD", "COL6", "", "R", 98.42, 98.42, 0, 168],
		[194, "U7_1", -1972.16, 522.94, "T", "DIP", "COL6", "", "C", 128, 128, 118.11, 168],
		[195, "U7_1", -1972.16, 522.94, "B", "DIP", "COL6", "", "C", 128, 128, 118.11, 168],
		[196, "U7_2", -2384.59, 508.3, "B", "SMD", "$1N4418", "", "R", 98.42, 98.42, 0, 168],
		[197, "U7_2", -2238.2, 483.39, "T", "DIP", "$1N4418", "", "C", 128, 128, 118.11, 168],
		[198, "U7_2", -2238.2, 483.39, "B", "DIP", "$1N4418", "", "C", 128, 128, 118.11, 168],
		[199, "U7_3", -2113.45, 353.62, "T", "DIP", "U7_3", "", "C", 170, 170, 157.48, 348],
		[200, "U7_3", -2113.45, 353.62, "B", "DIP", "U7_3", "", "C", 170, 170, 157.48, 348],
		[201, "U7_4", -2306.01, 394.54, "T", "DIP", "U7_4", "", "C", 78.74, 78.74, 68.9, 348],
		[202, "U7_4", -2306.01, 394.54, "B", "DIP", "U7_4", "", "C", 78.74, 78.74, 68.9, 348],
		[203, "U7_5", -1920.92, 312.68, "T", "DIP", "U7_5", "", "C", 78.74, 78.74, 68.9, 348],
		[204, "U7_5", -1920.92, 312.68, "B", "DIP", "U7_5", "", "C", 78.74, 78.74, 68.9, 348],
		[205, "U8_1", -1100.54, 336.82, "B", "SMD", "COL7", "", "R", 98.42, 98.42, 0, 168],
		[206, "U8_1", -1242.16, 367.94, "T", "DIP", "COL7", "", "C", 128, 128, 118.11, 168],
		[207, "U8_1", -1242.16, 367.94, "B", "DIP", "COL7", "", "C", 128, 128, 118.11, 168],
		[208, "U8_2", -1654.59, 353.3, "B", "SMD", "$1N4422", "", "R", 98.42, 98.42, 0, 168],
		[209, "U8_2", -1508.2, 328.39, "T", "DIP", "$1N4422", "", "C", 128, 128, 118.11, 168],
		[210, "U8_2", -1508.2, 328.39, "B", "DIP", "$1N4422", "", "C", 128, 128, 118.11, 168],
		[211, "U8_3", -1383.45, 198.62, "T", "DIP", "U8_3", "", "C", 170, 170, 157.48, 348],
		[212, "U8_3", -1383.45, 198.62, "B", "DIP", "U8_3", "", "C", 170, 170, 157.48, 348],
		[213, "U8_4", -1576.01, 239.54, "T", "DIP", "U8_4", "", "C", 78.74, 78.74, 68.9, 348],
		[214, "U8_4", -1576.01, 239.54, "B", "DIP", "U8_4", "", "C", 78.74, 78.74, 68.9, 348],
		[215, "U8_5", -1190.92, 157.68, "T", "DIP", "U8_5", "", "C", 78.74, 78.74, 68.9, 348],
		[216, "U8_5", -1190.92, 157.68, "B", "DIP", "U8_5", "", "C", 78.74, 78.74, 68.9, 348],
		[217, "U9_1", -6690.16, 273.01, "B", "SMD", "COL0", "", "R", 98.42, 98.42, 0, 180],
		[218, "U9_1", -6835.16, 274.01, "T", "DIP", "COL0", "", "C", 128, 128, 118.11, 180],
		[219, "U9_1", -6835.16, 274.01, "B", "DIP", "COL0", "", "C", 128, 128, 118.11, 180],
		[220, "U9_2", -7235.53, 173.94, "B", "SMD", "$1N4426", "", "R", 98.42, 98.42, 0, 180],
		[221, "U9_2", -7087.16, 180.01, "T", "DIP", "$1N4426", "", "C", 128, 128, 118.11, 180],
		[222, "U9_2", -7087.16, 180.01, "B", "DIP", "$1N4426", "", "C", 128, 128, 118.11, 180],
		[223, "U9_3", -6938.16, 79.01, "T", "DIP", "U9_3", "", "C", 170, 170, 157.48, 360],
		[224, "U9_3", -6938.16, 79.01, "B", "DIP", "U9_3", "", "C", 170, 170, 157.48, 360],
		[225, "U9_4", -7135.03, 79, "T", "DIP", "U9_4", "", "C", 78.74, 78.74, 68.9, 360],
		[226, "U9_4", -7135.03, 79, "B", "DIP", "U9_4", "", "C", 78.74, 78.74, 68.9, 360],
		[227, "U9_5", -6741.33, 79, "T", "DIP", "U9_5", "", "C", 78.74, 78.74, 68.9, 360],
		[228, "U9_5", -6741.33, 79, "B", "DIP", "U9_5", "", "C", 78.74, 78.74, 68.9, 360],
		[229, "U10_1", -5600.16, 183.01, "B", "SMD", "COL1", "", "R", 98.42, 98.42, 0, 180],
		[230, "U10_1", -5745.16, 184.01, "T", "DIP", "COL1", "", "C", 128, 128, 118.11, 180],
		[231, "U10_1", -5745.16, 184.01, "B", "DIP", "COL1", "", "C", 128, 128, 118.11, 180],
		[232, "U10_2", -6145.53, 83.94, "B", "SMD", "$1N4430", "", "R", 98.42, 98.42, 0, 180],
		[233, "U10_2", -5997.16, 90.01, "T", "DIP", "$1N4430", "", "C", 128, 128, 118.11, 180],
		[234, "U10_2", -5997.16, 90.01, "B", "DIP", "$1N4430", "", "C", 128, 128, 118.11, 180],
		[235, "U10_3", -5848.16, -10.99, "T", "DIP", "U10_3", "", "C", 170, 170, 157.48, 360],
		[236, "U10_3", -5848.16, -10.99, "B", "DIP", "U10_3", "", "C", 170, 170, 157.48, 360],
		[237, "U10_4", -6045.03, -11, "T", "DIP", "U10_4", "", "C", 78.74, 78.74, 68.9, 360],
		[238, "U10_4", -6045.03, -11, "B", "DIP", "U10_4", "", "C", 78.74, 78.74, 68.9, 360],
		[239, "U10_5", -5651.33, -11, "T", "DIP", "U10_5", "", "C", 78.74, 78.74, 68.9, 360],
		[240, "U10_5", -5651.33, -11, "B", "DIP", "U10_5", "", "C", 78.74, 78.74, 68.9, 360],
		[241, "U11_1", -4665.16, 183.01, "B", "SMD", "COL2", "", "R", 98.42, 98.42, 0, 180],
		[242, "U11_1", -4810.16, 184.01, "T", "DIP", "COL2", "", "C", 128, 128, 118.11, 180],
		[243, "U11_1", -4810.16, 184.01, "B", "DIP", "COL2", "", "C", 128, 128, 118.11, 180],
		[244, "U11_2", -5210.53, 83.94, "B", "SMD", "$1N4434", "", "R", 98.42, 98.42, 0, 180],
		[245, "U11_2", -5062.16, 90.01, "T", "DIP", "$1N4434", "", "C", 128, 128, 118.11, 180],
		[246, "U11_2", -5062.16, 90.01, "B", "DIP", "$1N4434", "", "C", 128, 128, 118.11, 180],
		[247, "U11_3", -4913.16, -10.99, "T", "DIP", "U11_3", "", "C", 170, 170, 157.48, 360],
		[248, "U11_3", -4913.16, -10.99, "B", "DIP", "U11_3", "", "C", 170, 170, 157.48, 360],
		[249, "U11_4", -5110.03, -11, "T", "DIP", "U11_4", "", "C", 78.74, 78.74, 68.9, 360],
		[250, "U11_4", -5110.03, -11, "B", "DIP", "U11_4", "", "C", 78.74, 78.74, 68.9, 360],
		[251, "U11_5", -4716.33, -11, "T", "DIP", "U11_5", "", "C", 78.74, 78.74, 68.9, 360],
		[252, "U11_5", -4716.33, -11, "B", "DIP", "U11_5", "", "C", 78.74, 78.74, 68.9, 360],
		[253, "U12_1", -3820.54, 151.82, "B", "SMD", "COL3", "", "R", 98.42, 98.42, 0, 168],
		[254, "U12_1", -3962.16, 182.94, "T", "DIP", "COL3", "", "C", 128, 128, 118.11, 168],
		[255, "U12_1", -3962.16, 182.94, "B", "DIP", "COL3", "", "C", 128, 128, 118.11, 168],
		[256, "U12_2", -4374.59, 168.3, "B", "SMD", "$1N4438", "", "R", 98.42, 98.42, 0, 168],
		[257, "U12_2", -4228.2, 143.39, "T", "DIP", "$1N4438", "", "C", 128, 128, 118.11, 168],
		[258, "U12_2", -4228.2, 143.39, "B", "DIP", "$1N4438", "", "C", 128, 128, 118.11, 168],
		[259, "U12_3", -4103.45, 13.62, "T", "DIP", "U12_3", "", "C", 170, 170, 157.48, 348],
		[260, "U12_3", -4103.45, 13.62, "B", "DIP", "U12_3", "", "C", 170, 170, 157.48, 348],
		[261, "U12_4", -4296.01, 54.54, "T", "DIP", "U12_4", "", "C", 78.74, 78.74, 68.9, 348],
		[262, "U12_4", -4296.01, 54.54, "B", "DIP", "U12_4", "", "C", 78.74, 78.74, 68.9, 348],
		[263, "U12_5", -3910.92, -27.32, "T", "DIP", "U12_5", "", "C", 78.74, 78.74, 68.9, 348],
		[264, "U12_5", -3910.92, -27.32, "B", "DIP", "U12_5", "", "C", 78.74, 78.74, 68.9, 348],
		[265, "U13_1", -3085.54, -3.18, "B", "SMD", "COL4", "", "R", 98.42, 98.42, 0, 168],
		[266, "U13_1", -3227.16, 27.94, "T", "DIP", "COL4", "", "C", 128, 128, 118.11, 168],
		[267, "U13_1", -3227.16, 27.94, "B", "DIP", "COL4", "", "C", 128, 128, 118.11, 168],
		[268, "U13_2", -3639.59, 13.3, "B", "SMD", "$1N4442", "", "R", 98.42, 98.42, 0, 168],
		[269, "U13_2", -3493.2, -11.61, "T", "DIP", "$1N4442", "", "C", 128, 128, 118.11, 168],
		[270, "U13_2", -3493.2, -11.61, "B", "DIP", "$1N4442", "", "C", 128, 128, 118.11, 168],
		[271, "U13_3", -3368.45, -141.38, "T", "DIP", "U13_3", "", "C", 170, 170, 157.48, 348],
		[272, "U13_3", -3368.45, -141.38, "B", "DIP", "U13_3", "", "C", 170, 170, 157.48, 348],
		[273, "U13_4", -3561.01, -100.46, "T", "DIP", "U13_4", "", "C", 78.74, 78.74, 68.9, 348],
		[274, "U13_4", -3561.01, -100.46, "B", "DIP", "U13_4", "", "C", 78.74, 78.74, 68.9, 348],
		[275, "U13_5", -3175.92, -182.32, "T", "DIP", "U13_5", "", "C", 78.74, 78.74, 68.9, 348],
		[276, "U13_5", -3175.92, -182.32, "B", "DIP", "U13_5", "", "C", 78.74, 78.74, 68.9, 348],
		[277, "U14_1", -2350.54, -158.18, "B", "SMD", "COL5", "", "R", 98.42, 98.42, 0, 168],
		[278, "U14_1", -2492.16, -127.06, "T", "DIP", "COL5", "", "C", 128, 128, 118.11, 168],
		[279, "U14_1", -2492.16, -127.06, "B", "DIP", "COL5", "", "C", 128, 128, 118.11, 168],
		[280, "U14_2", -2904.59, -141.7, "B", "SMD", "$1N4446", "", "R", 98.42, 98.42, 0, 168],
		[281, "U14_2", -2758.2, -166.61, "T", "DIP", "$1N4446", "", "C", 128, 128, 118.11, 168],
		[282, "U14_2", -2758.2, -166.61, "B", "DIP", "$1N4446", "", "C", 128, 128, 118.11, 168],
		[283, "U14_3", -2633.45, -296.38, "T", "DIP", "U14_3", "", "C", 170, 170, 157.48, 348],
		[284, "U14_3", -2633.45, -296.38, "B", "DIP", "U14_3", "", "C", 170, 170, 157.48, 348],
		[285, "U14_4", -2826.01, -255.46, "T", "DIP", "U14_4", "", "C", 78.74, 78.74, 68.9, 348],
		[286, "U14_4", -2826.01, -255.46, "B", "DIP", "U14_4", "", "C", 78.74, 78.74, 68.9, 348],
		[287, "U14_5", -2440.92, -337.32, "T", "DIP", "U14_5", "", "C", 78.74, 78.74, 68.9, 348],
		[288, "U14_5", -2440.92, -337.32, "B", "DIP", "U14_5", "", "C", 78.74, 78.74, 68.9, 348],
		[289, "U15_1", -1618.08, -315.12, "B", "SMD", "COL6", "", "R", 98.42, 98.42, 0, 168],
		[290, "U15_1", -1759.71, -284, "T", "DIP", "COL6", "", "C", 128, 128, 118.11, 168],
		[291, "U15_1", -1759.71, -284, "B", "DIP", "COL6", "", "C", 128, 128, 118.11, 168],
		[292, "U15_2", -2172.13, -298.64, "B", "SMD", "$1N4450", "", "R", 98.42, 98.42, 0, 168],
		[293, "U15_2", -2025.74, -323.55, "T", "DIP", "$1N4450", "", "C", 128, 128, 118.11, 168],
		[294, "U15_2", -2025.74, -323.55, "B", "DIP", "$1N4450", "", "C", 128, 128, 118.11, 168],
		[295, "U15_3", -1901, -453.32, "T", "DIP", "U15_3", "", "C", 170, 170, 157.48, 348],
		[296, "U15_3", -1901, -453.32, "B", "DIP", "U15_3", "", "C", 170, 170, 157.48, 348],
		[297, "U15_4", -2093.56, -412.4, "T", "DIP", "U15_4", "", "C", 78.74, 78.74, 68.9, 348],
		[298, "U15_4", -2093.56, -412.4, "B", "DIP", "U15_4", "", "C", 78.74, 78.74, 68.9, 348],
		[299, "U15_5", -1708.46, -494.26, "T", "DIP", "U15_5", "", "C", 78.74, 78.74, 68.9, 348],
		[300, "U15_5", -1708.46, -494.26, "B", "DIP", "U15_5", "", "C", 78.74, 78.74, 68.9, 348],
		[301, "U17_1", -6855.16, -481.99, "B", "SMD", "COL0", "", "R", 98.42, 98.42, 0, 180],
		[302, "U17_1", -7000.16, -480.99, "T", "DIP", "COL0", "", "C", 128, 128, 118.11, 180],
		[303, "U17_1", -7000.16, -480.99, "B", "DIP", "COL0", "", "C", 128, 128, 118.11, 180],
		[304, "U17_2", -7400.53, -581.06, "B", "SMD", "$1N4458", "", "R", 98.42, 98.42, 0, 180],
		[305, "U17_2", -7252.16, -574.99, "T", "DIP", "$1N4458", "", "C", 128, 128, 118.11, 180],
		[306, "U17_2", -7252.16, -574.99, "B", "DIP", "$1N4458", "", "C", 128, 128, 118.11, 180],
		[307, "U17_3", -7103.16, -675.99, "T", "DIP", "U17_3", "", "C", 170, 170, 157.48, 360],
		[308, "U17_3", -7103.16, -675.99, "B", "DIP", "U17_3", "", "C", 170, 170, 157.48, 360],
		[309, "U17_4", -7300.03, -676, "T", "DIP", "U17_4", "", "C", 78.74, 78.74, 68.9, 360],
		[310, "U17_4", -7300.03, -676, "B", "DIP", "U17_4", "", "C", 78.74, 78.74, 68.9, 360],
		[311, "U17_5", -6906.33, -676, "T", "DIP", "U17_5", "", "C", 78.74, 78.74, 68.9, 360],
		[312, "U17_5", -6906.33, -676, "B", "DIP", "U17_5", "", "C", 78.74, 78.74, 68.9, 360],
		[313, "U18_1", -5850.16, -561.99, "B", "SMD", "COL1", "", "R", 98.42, 98.42, 0, 180],
		[314, "U18_1", -5995.16, -560.99, "T", "DIP", "COL1", "", "C", 128, 128, 118.11, 180],
		[315, "U18_1", -5995.16, -560.99, "B", "DIP", "COL1", "", "C", 128, 128, 118.11, 180],
		[316, "U18_2", -6395.53, -661.06, "B", "SMD", "$1N4462", "", "R", 98.42, 98.42, 0, 180],
		[317, "U18_2", -6247.16, -654.99, "T", "DIP", "$1N4462", "", "C", 128, 128, 118.11, 180],
		[318, "U18_2", -6247.16, -654.99, "B", "DIP", "$1N4462", "", "C", 128, 128, 118.11, 180],
		[319, "U18_3", -6098.16, -755.99, "T", "DIP", "U18_3", "", "C", 170, 170, 157.48, 360],
		[320, "U18_3", -6098.16, -755.99, "B", "DIP", "U18_3", "", "C", 170, 170, 157.48, 360],
		[321, "U18_4", -6295.03, -756, "T", "DIP", "U18_4", "", "C", 78.74, 78.74, 68.9, 360],
		[322, "U18_4", -6295.03, -756, "B", "DIP", "U18_4", "", "C", 78.74, 78.74, 68.9, 360],
		[323, "U18_5", -5901.33, -756, "T", "DIP", "U18_5", "", "C", 78.74, 78.74, 68.9, 360],
		[324, "U18_5", -5901.33, -756, "B", "DIP", "U18_5", "", "C", 78.74, 78.74, 68.9, 360],
		[325, "U19_1", -4635.16, -566.99, "B", "SMD", "COL2", "", "R", 98.42, 98.42, 0, 180],
		[326, "U19_1", -4780.16, -565.99, "T", "DIP", "COL2", "", "C", 128, 128, 118.11, 180],
		[327, "U19_1", -4780.16, -565.99, "B", "DIP", "COL2", "", "C", 128, 128, 118.11, 180],
		[328, "U19_2", -5180.53, -666.06, "B", "SMD", "$1N4466", "", "R", 98.42, 98.42, 0, 180],
		[329, "U19_2", -5032.16, -659.99, "T", "DIP", "$1N4466", "", "C", 128, 128, 118.11, 180],
		[330, "U19_2", -5032.16, -659.99, "B", "DIP", "$1N4466", "", "C", 128, 128, 118.11, 180],
		[331, "U19_3", -4883.16, -760.99, "T", "DIP", "U19_3", "", "C", 170, 170, 157.48, 360],
		[332, "U19_3", -4883.16, -760.99, "B", "DIP", "U19_3", "", "C", 170, 170, 157.48, 360],
		[333, "U19_4", -5080.03, -761, "T", "DIP", "U19_4", "", "C", 78.74, 78.74, 68.9, 360],
		[334, "U19_4", -5080.03, -761, "B", "DIP", "U19_4", "", "C", 78.74, 78.74, 68.9, 360],
		[335, "U19_5", -4686.33, -761, "T", "DIP", "U19_5", "", "C", 78.74, 78.74, 68.9, 360],
		[336, "U19_5", -4686.33, -761, "B", "DIP", "U19_5", "", "C", 78.74, 78.74, 68.9, 360],
		[337, "U20_1", -3790.54, -623.18, "B", "SMD", "COL3", "", "R", 98.42, 98.42, 0, 168],
		[338, "U20_1", -3932.16, -592.06, "T", "DIP", "COL3", "", "C", 128, 128, 118.11, 168],
		[339, "U20_1", -3932.16, -592.06, "B", "DIP", "COL3", "", "C", 128, 128, 118.11, 168],
		[340, "U20_2", -4344.59, -606.7, "B", "SMD", "$1N4470", "", "R", 98.42, 98.42, 0, 168],
		[341, "U20_2", -4198.2, -631.61, "T", "DIP", "$1N4470", "", "C", 128, 128, 118.11, 168],
		[342, "U20_2", -4198.2, -631.61, "B", "DIP", "$1N4470", "", "C", 128, 128, 118.11, 168],
		[343, "U20_3", -4073.45, -761.38, "T", "DIP", "U20_3", "", "C", 170, 170, 157.48, 348],
		[344, "U20_3", -4073.45, -761.38, "B", "DIP", "U20_3", "", "C", 170, 170, 157.48, 348],
		[345, "U20_4", -4266.01, -720.46, "T", "DIP", "U20_4", "", "C", 78.74, 78.74, 68.9, 348],
		[346, "U20_4", -4266.01, -720.46, "B", "DIP", "U20_4", "", "C", 78.74, 78.74, 68.9, 348],
		[347, "U20_5", -3880.92, -802.32, "T", "DIP", "U20_5", "", "C", 78.74, 78.74, 68.9, 348],
		[348, "U20_5", -3880.92, -802.32, "B", "DIP", "U20_5", "", "C", 78.74, 78.74, 68.9, 348],
		[349, "U21_1", -3060.54, -778.18, "B", "SMD", "COL4", "", "R", 98.42, 98.42, 0, 168],
		[350, "U21_1", -3202.16, -747.06, "T", "DIP", "COL4", "", "C", 128, 128, 118.11, 168],
		[351, "U21_1", -3202.16, -747.06, "B", "DIP", "COL4", "", "C", 128, 128, 118.11, 168],
		[352, "U21_2", -3614.59, -761.7, "B", "SMD", "$1N4474", "", "R", 98.42, 98.42, 0, 168],
		[353, "U21_2", -3468.2, -786.61, "T", "DIP", "$1N4474", "", "C", 128, 128, 118.11, 168],
		[354, "U21_2", -3468.2, -786.61, "B", "DIP", "$1N4474", "", "C", 128, 128, 118.11, 168],
		[355, "U21_3", -3343.45, -916.38, "T", "DIP", "U21_3", "", "C", 170, 170, 157.48, 348],
		[356, "U21_3", -3343.45, -916.38, "B", "DIP", "U21_3", "", "C", 170, 170, 157.48, 348],
		[357, "U21_4", -3536.01, -875.46, "T", "DIP", "U21_4", "", "C", 78.74, 78.74, 68.9, 348],
		[358, "U21_4", -3536.01, -875.46, "B", "DIP", "U21_4", "", "C", 78.74, 78.74, 68.9, 348],
		[359, "U21_5", -3150.92, -957.32, "T", "DIP", "U21_5", "", "C", 78.74, 78.74, 68.9, 348],
		[360, "U21_5", -3150.92, -957.32, "B", "DIP", "U21_5", "", "C", 78.74, 78.74, 68.9, 348],
		[361, "U22_1", -2325.54, -933.18, "B", "SMD", "COL5", "", "R", 98.42, 98.42, 0, 168],
		[362, "U22_1", -2467.16, -902.06, "T", "DIP", "COL5", "", "C", 128, 128, 118.11, 168],
		[363, "U22_1", -2467.16, -902.06, "B", "DIP", "COL5", "", "C", 128, 128, 118.11, 168],
		[364, "U22_2", -2879.59, -916.7, "B", "SMD", "$1N4478", "", "R", 98.42, 98.42, 0, 168],
		[365, "U22_2", -2733.2, -941.61, "T", "DIP", "$1N4478", "", "C", 128, 128, 118.11, 168],
		[366, "U22_2", -2733.2, -941.61, "B", "DIP", "$1N4478", "", "C", 128, 128, 118.11, 168],
		[367, "U22_3", -2608.45, -1071.38, "T", "DIP", "U22_3", "", "C", 170, 170, 157.48, 348],
		[368, "U22_3", -2608.45, -1071.38, "B", "DIP", "U22_3", "", "C", 170, 170, 157.48, 348],
		[369, "U22_4", -2801.01, -1030.46, "T", "DIP", "U22_4", "", "C", 78.74, 78.74, 68.9, 348],
		[370, "U22_4", -2801.01, -1030.46, "B", "DIP", "U22_4", "", "C", 78.74, 78.74, 68.9, 348],
		[371, "U22_5", -2415.92, -1112.32, "T", "DIP", "U22_5", "", "C", 78.74, 78.74, 68.9, 348],
		[372, "U22_5", -2415.92, -1112.32, "B", "DIP", "U22_5", "", "C", 78.74, 78.74, 68.9, 348],
		[373, "U23_1", -1590.54, -1088.18, "B", "SMD", "COL6", "", "R", 98.42, 98.42, 0, 168],
		[374, "U23_1", -1732.16, -1057.06, "T", "DIP", "COL6", "", "C", 128, 128, 118.11, 168],
		[375, "U23_1", -1732.16, -1057.06, "B", "DIP", "COL6", "", "C", 128, 128, 118.11, 168],
		[376, "U23_2", -2144.59, -1071.7, "B", "SMD", "$1N4482", "", "R", 98.42, 98.42, 0, 168],
		[377, "U23_2", -1998.2, -1096.61, "T", "DIP", "$1N4482", "", "C", 128, 128, 118.11, 168],
		[378, "U23_2", -1998.2, -1096.61, "B", "DIP", "$1N4482", "", "C", 128, 128, 118.11, 168],
		[379, "U23_3", -1873.45, -1226.38, "T", "DIP", "U23_3", "", "C", 170, 170, 157.48, 348],
		[380, "U23_3", -1873.45, -1226.38, "B", "DIP", "U23_3", "", "C", 170, 170, 157.48, 348],
		[381, "U23_4", -2066.01, -1185.46, "T", "DIP", "U23_4", "", "C", 78.74, 78.74, 68.9, 348],
		[382, "U23_4", -2066.01, -1185.46, "B", "DIP", "U23_4", "", "C", 78.74, 78.74, 68.9, 348],
		[383, "U23_5", -1680.92, -1267.32, "T", "DIP", "U23_5", "", "C", 78.74, 78.74, 68.9, 348],
		[384, "U23_5", -1680.92, -1267.32, "B", "DIP", "U23_5", "", "C", 78.74, 78.74, 68.9, 348],
		[385, "U26_1", -5640.16, -1316.99, "B", "SMD", "COL1", "", "R", 98.42, 98.42, 0, 180],
		[386, "U26_1", -5785.16, -1315.99, "T", "DIP", "COL1", "", "C", 128, 128, 118.11, 180],
		[387, "U26_1", -5785.16, -1315.99, "B", "DIP", "COL1", "", "C", 128, 128, 118.11, 180],
		[388, "U26_2", -6185.53, -1416.06, "B", "SMD", "$1N4494", "", "R", 98.42, 98.42, 0, 180],
		[389, "U26_2", -6037.16, -1409.99, "T", "DIP", "$1N4494", "", "C", 128, 128, 118.11, 180],
		[390, "U26_2", -6037.16, -1409.99, "B", "DIP", "$1N4494", "", "C", 128, 128, 118.11, 180],
		[391, "U26_3", -5888.16, -1510.99, "T", "DIP", "U26_3", "", "C", 170, 170, 157.48, 360],
		[392, "U26_3", -5888.16, -1510.99, "B", "DIP", "U26_3", "", "C", 170, 170, 157.48, 360],
		[393, "U26_4", -6085.03, -1511, "T", "DIP", "U26_4", "", "C", 78.74, 78.74, 68.9, 360],
		[394, "U26_4", -6085.03, -1511, "B", "DIP", "U26_4", "", "C", 78.74, 78.74, 68.9, 360],
		[395, "U26_5", -5691.33, -1511, "T", "DIP", "U26_5", "", "C", 78.74, 78.74, 68.9, 360],
		[396, "U26_5", -5691.33, -1511, "B", "DIP", "U26_5", "", "C", 78.74, 78.74, 68.9, 360],
		[397, "U27_1", -4425.16, -1316.99, "B", "SMD", "COL2", "", "R", 98.42, 98.42, 0, 180],
		[398, "U27_1", -4570.16, -1315.99, "T", "DIP", "COL2", "", "C", 128, 128, 118.11, 180],
		[399, "U27_1", -4570.16, -1315.99, "B", "DIP", "COL2", "", "C", 128, 128, 118.11, 180],
		[400, "U27_2", -4970.53, -1416.06, "B", "SMD", "$1N4498", "", "R", 98.42, 98.42, 0, 180],
		[401, "U27_2", -4822.16, -1409.99, "T", "DIP", "$1N4498", "", "C", 128, 128, 118.11, 180],
		[402, "U27_2", -4822.16, -1409.99, "B", "DIP", "$1N4498", "", "C", 128, 128, 118.11, 180],
		[403, "U27_3", -4673.16, -1510.99, "T", "DIP", "U27_3", "", "C", 170, 170, 157.48, 360],
		[404, "U27_3", -4673.16, -1510.99, "B", "DIP", "U27_3", "", "C", 170, 170, 157.48, 360],
		[405, "U27_4", -4870.03, -1511, "T", "DIP", "U27_4", "", "C", 78.74, 78.74, 68.9, 360],
		[406, "U27_4", -4870.03, -1511, "B", "DIP", "U27_4", "", "C", 78.74, 78.74, 68.9, 360],
		[407, "U27_5", -4476.33, -1511, "T", "DIP", "U27_5", "", "C", 78.74, 78.74, 68.9, 360],
		[408, "U27_5", -4476.33, -1511, "B", "DIP", "U27_5", "", "C", 78.74, 78.74, 68.9, 360],
		[409, "U28_1", -3580.54, -1433.18, "B", "SMD", "COL3", "", "R", 98.42, 98.42, 0, 168],
		[410, "U28_1", -3722.16, -1402.06, "T", "DIP", "COL3", "", "C", 128, 128, 118.11, 168],
		[411, "U28_1", -3722.16, -1402.06, "B", "DIP", "COL3", "", "C", 128, 128, 118.11, 168],
		[412, "U28_2", -4134.59, -1416.7, "B", "SMD", "$1N4502", "", "R", 98.42, 98.42, 0, 168],
		[413, "U28_2", -3988.2, -1441.61, "T", "DIP", "$1N4502", "", "C", 128, 128, 118.11, 168],
		[414, "U28_2", -3988.2, -1441.61, "B", "DIP", "$1N4502", "", "C", 128, 128, 118.11, 168],
		[415, "U28_3", -3863.45, -1571.38, "T", "DIP", "U28_3", "", "C", 170, 170, 157.48, 348],
		[416, "U28_3", -3863.45, -1571.38, "B", "DIP", "U28_3", "", "C", 170, 170, 157.48, 348],
		[417, "U28_4", -4056.01, -1530.46, "T", "DIP", "U28_4", "", "C", 78.74, 78.74, 68.9, 348],
		[418, "U28_4", -4056.01, -1530.46, "B", "DIP", "U28_4", "", "C", 78.74, 78.74, 68.9, 348],
		[419, "U28_5", -3670.92, -1612.32, "T", "DIP", "U28_5", "", "C", 78.74, 78.74, 68.9, 348],
		[420, "U28_5", -3670.92, -1612.32, "B", "DIP", "U28_5", "", "C", 78.74, 78.74, 68.9, 348],
		[421, "U29_1", -2850.54, -1588.18, "B", "SMD", "COL4", "", "R", 98.42, 98.42, 0, 168],
		[422, "U29_1", -2992.16, -1557.06, "T", "DIP", "COL4", "", "C", 128, 128, 118.11, 168],
		[423, "U29_1", -2992.16, -1557.06, "B", "DIP", "COL4", "", "C", 128, 128, 118.11, 168],
		[424, "U29_2", -3404.59, -1571.7, "B", "SMD", "$1N4506", "", "R", 98.42, 98.42, 0, 168],
		[425, "U29_2", -3258.2, -1596.61, "T", "DIP", "$1N4506", "", "C", 128, 128, 118.11, 168],
		[426, "U29_2", -3258.2, -1596.61, "B", "DIP", "$1N4506", "", "C", 128, 128, 118.11, 168],
		[427, "U29_3", -3133.45, -1726.38, "T", "DIP", "U29_3", "", "C", 170, 170, 157.48, 348],
		[428, "U29_3", -3133.45, -1726.38, "B", "DIP", "U29_3", "", "C", 170, 170, 157.48, 348],
		[429, "U29_4", -3326.01, -1685.46, "T", "DIP", "U29_4", "", "C", 78.74, 78.74, 68.9, 348],
		[430, "U29_4", -3326.01, -1685.46, "B", "DIP", "U29_4", "", "C", 78.74, 78.74, 68.9, 348],
		[431, "U29_5", -2940.92, -1767.32, "T", "DIP", "U29_5", "", "C", 78.74, 78.74, 68.9, 348],
		[432, "U29_5", -2940.92, -1767.32, "B", "DIP", "U29_5", "", "C", 78.74, 78.74, 68.9, 348],
		[433, "U30_1", -2115.54, -1743.18, "B", "SMD", "COL5", "", "R", 98.42, 98.42, 0, 168],
		[434, "U30_1", -2257.16, -1712.06, "T", "DIP", "COL5", "", "C", 128, 128, 118.11, 168],
		[435, "U30_1", -2257.16, -1712.06, "B", "DIP", "COL5", "", "C", 128, 128, 118.11, 168],
		[436, "U30_2", -2669.59, -1726.7, "B", "SMD", "$1N4510", "", "R", 98.42, 98.42, 0, 168],
		[437, "U30_2", -2523.2, -1751.61, "T", "DIP", "$1N4510", "", "C", 128, 128, 118.11, 168],
		[438, "U30_2", -2523.2, -1751.61, "B", "DIP", "$1N4510", "", "C", 128, 128, 118.11, 168],
		[439, "U30_3", -2398.45, -1881.38, "T", "DIP", "U30_3", "", "C", 170, 170, 157.48, 348],
		[440, "U30_3", -2398.45, -1881.38, "B", "DIP", "U30_3", "", "C", 170, 170, 157.48, 348],
		[441, "U30_4", -2591.01, -1840.46, "T", "DIP", "U30_4", "", "C", 78.74, 78.74, 68.9, 348],
		[442, "U30_4", -2591.01, -1840.46, "B", "DIP", "U30_4", "", "C", 78.74, 78.74, 68.9, 348],
		[443, "U30_5", -2205.92, -1922.32, "T", "DIP", "U30_5", "", "C", 78.74, 78.74, 68.9, 348],
		[444, "U30_5", -2205.92, -1922.32, "B", "DIP", "U30_5", "", "C", 78.74, 78.74, 68.9, 348],
		[445, "U31_1", -1390.54, -1903.18, "B", "SMD", "COL6", "", "R", 98.42, 98.42, 0, 168],
		[446, "U31_1", -1532.16, -1872.06, "T", "DIP", "COL6", "", "C", 128, 128, 118.11, 168],
		[447, "U31_1", -1532.16, -1872.06, "B", "DIP", "COL6", "", "C", 128, 128, 118.11, 168],
		[448, "U31_2", -1944.59, -1886.7, "B", "SMD", "$1N4514", "", "R", 98.42, 98.42, 0, 168],
		[449, "U31_2", -1798.2, -1911.61, "T", "DIP", "$1N4514", "", "C", 128, 128, 118.11, 168],
		[450, "U31_2", -1798.2, -1911.61, "B", "DIP", "$1N4514", "", "C", 128, 128, 118.11, 168],
		[451, "U31_3", -1673.45, -2041.38, "T", "DIP", "U31_3", "", "C", 170, 170, 157.48, 348],
		[452, "U31_3", -1673.45, -2041.38, "B", "DIP", "U31_3", "", "C", 170, 170, 157.48, 348],
		[453, "U31_4", -1866.01, -2000.46, "T", "DIP", "U31_4", "", "C", 78.74, 78.74, 68.9, 348],
		[454, "U31_4", -1866.01, -2000.46, "B", "DIP", "U31_4", "", "C", 78.74, 78.74, 68.9, 348],
		[455, "U31_5", -1480.92, -2082.32, "T", "DIP", "U31_5", "", "C", 78.74, 78.74, 68.9, 348],
		[456, "U31_5", -1480.92, -2082.32, "B", "DIP", "U31_5", "", "C", 78.74, 78.74, 68.9, 348],
		[457, "U34_1", -6013.54, -2059.32, "B", "SMD", "COL1", "", "R", 98.42, 98.42, 0, 180],
		[458, "U34_1", -6158.54, -2058.32, "T", "DIP", "COL1", "", "C", 128, 128, 118.11, 180],
		[459, "U34_1", -6158.54, -2058.32, "B", "DIP", "COL1", "", "C", 128, 128, 118.11, 180],
		[460, "U34_2", -6558.91, -2158.39, "B", "SMD", "$1N4526", "", "R", 98.42, 98.42, 0, 180],
		[461, "U34_2", -6410.54, -2152.32, "T", "DIP", "$1N4526", "", "C", 128, 128, 118.11, 180],
		[462, "U34_2", -6410.54, -2152.32, "B", "DIP", "$1N4526", "", "C", 128, 128, 118.11, 180],
		[463, "U34_3", -6261.54, -2253.32, "T", "DIP", "U34_3", "", "C", 170, 170, 157.48, 360],
		[464, "U34_3", -6261.54, -2253.32, "B", "DIP", "U34_3", "", "C", 170, 170, 157.48, 360],
		[465, "U34_4", -6458.4, -2253.33, "T", "DIP", "U34_4", "", "C", 78.74, 78.74, 68.9, 360],
		[466, "U34_4", -6458.4, -2253.33, "B", "DIP", "U34_4", "", "C", 78.74, 78.74, 68.9, 360],
		[467, "U34_5", -6064.7, -2253.33, "T", "DIP", "U34_5", "", "C", 78.74, 78.74, 68.9, 360],
		[468, "U34_5", -6064.7, -2253.33, "B", "DIP", "U34_5", "", "C", 78.74, 78.74, 68.9, 360],
		[469, "U35_1", -5076.37, -2059.32, "B", "SMD", "COL2", "", "R", 98.42, 98.42, 0, 180],
		[470, "U35_1", -5221.37, -2058.32, "T", "DIP", "COL2", "", "C", 128, 128, 118.11, 180],
		[471, "U35_1", -5221.37, -2058.32, "B", "DIP", "COL2", "", "C", 128, 128, 118.11, 180],
		[472, "U35_2", -5621.74, -2158.39, "B", "SMD", "$1N4530", "", "R", 98.42, 98.42, 0, 180],
		[473, "U35_2", -5473.37, -2152.32, "T", "DIP", "$1N4530", "", "C", 128, 128, 118.11, 180],
		[474, "U35_2", -5473.37, -2152.32, "B", "DIP", "$1N4530", "", "C", 128, 128, 118.11, 180],
		[475, "U35_3", -5324.37, -2253.32, "T", "DIP", "U35_3", "", "C", 170, 170, 157.48, 360],
		[476, "U35_3", -5324.37, -2253.32, "B", "DIP", "U35_3", "", "C", 170, 170, 157.48, 360],
		[477, "U35_4", -5521.23, -2253.33, "T", "DIP", "U35_4", "", "C", 78.74, 78.74, 68.9, 360],
		[478, "U35_4", -5521.23, -2253.33, "B", "DIP", "U35_4", "", "C", 78.74, 78.74, 68.9, 360],
		[479, "U35_5", -5127.53, -2253.33, "T", "DIP", "U35_5", "", "C", 78.74, 78.74, 68.9, 360],
		[480, "U35_5", -5127.53, -2253.33, "B", "DIP", "U35_5", "", "C", 78.74, 78.74, 68.9, 360],
		[481, "U37_1", -3295.54, -2278.18, "B", "SMD", "COL4", "", "R", 98.42, 98.42, 0, 168],
		[482, "U37_1", -3437.16, -2247.06, "T", "DIP", "COL4", "", "C", 128, 128, 118.11, 168],
		[483, "U37_1", -3437.16, -2247.06, "B", "DIP", "COL4", "", "C", 128, 128, 118.11, 168],
		[484, "U37_2", -3849.59, -2261.7, "B", "SMD", "$1N4538", "", "R", 98.42, 98.42, 0, 168],
		[485, "U37_2", -3703.2, -2286.61, "T", "DIP", "$1N4538", "", "C", 128, 128, 118.11, 168],
		[486, "U37_2", -3703.2, -2286.61, "B", "DIP", "$1N4538", "", "C", 128, 128, 118.11, 168],
		[487, "U37_3", -3578.45, -2416.38, "T", "DIP", "U37_3", "", "C", 170, 170, 157.48, 348],
		[488, "U37_3", -3578.45, -2416.38, "B", "DIP", "U37_3", "", "C", 170, 170, 157.48, 348],
		[489, "U37_4", -3771.01, -2375.46, "T", "DIP", "U37_4", "", "C", 78.74, 78.74, 68.9, 348],
		[490, "U37_4", -3771.01, -2375.46, "B", "DIP", "U37_4", "", "C", 78.74, 78.74, 68.9, 348],
		[491, "U37_5", -3385.92, -2457.32, "T", "DIP", "U37_5", "", "C", 78.74, 78.74, 68.9, 348],
		[492, "U37_5", -3385.92, -2457.32, "B", "DIP", "U37_5", "", "C", 78.74, 78.74, 68.9, 348],
		[493, "U39_1", -2010.54, -2553.18, "B", "SMD", "COL6", "", "R", 98.42, 98.42, 0, 168],
		[494, "U39_1", -2152.16, -2522.06, "T", "DIP", "COL6", "", "C", 128, 128, 118.11, 168],
		[495, "U39_1", -2152.16, -2522.06, "B", "DIP", "COL6", "", "C", 128, 128, 118.11, 168],
		[496, "U39_2", -2564.59, -2536.7, "B", "SMD", "$1N4546", "", "R", 98.42, 98.42, 0, 168],
		[497, "U39_2", -2418.2, -2561.61, "T", "DIP", "$1N4546", "", "C", 128, 128, 118.11, 168],
		[498, "U39_2", -2418.2, -2561.61, "B", "DIP", "$1N4546", "", "C", 128, 128, 118.11, 168],
		[499, "U39_3", -2293.45, -2691.38, "T", "DIP", "U39_3", "", "C", 170, 170, 157.48, 348],
		[500, "U39_3", -2293.45, -2691.38, "B", "DIP", "U39_3", "", "C", 170, 170, 157.48, 348],
		[501, "U39_4", -2486.01, -2650.46, "T", "DIP", "U39_4", "", "C", 78.74, 78.74, 68.9, 348],
		[502, "U39_4", -2486.01, -2650.46, "B", "DIP", "U39_4", "", "C", 78.74, 78.74, 68.9, 348],
		[503, "U39_5", -2100.92, -2732.32, "T", "DIP", "U39_5", "", "C", 78.74, 78.74, 68.9, 348],
		[504, "U39_5", -2100.92, -2732.32, "B", "DIP", "U39_5", "", "C", 78.74, 78.74, 68.9, 348]
	]
}
}