{
"lengthUnit": "mil",
"components": {
	"fields": ["COMPONENT_NO", "COMPONENT_NAME", "LAYER", "X_COORDINATE", "Y_COORDINATE", "ANGLE"],
	"rows": [
		[1, "D1", "B", 1480, -925, 90],
		[2, "D2", "B", 2395, -990, 90],
		[3, "D3", "B", 3145, -985, 90],
		[4, "D4", "B", 3880, -890, 90],
		[5, "D5", "B", 4650, -1020, 78],
		[6, "D6", "B", 5390, -1175, 78],
		[7, "D7", "B", 6135, -1330, 78],
		[8, "D8", "B", 6870, -1490, 78],
		[9, "D9", "B", 1320, -1685, 90],
		[10, "D10", "B", 2415, -1750, 90],
		[11, "D11", "B", 3355, -1755, 90],
		[12, "D12", "B", 4135, -1690, 78],
		[13, "D13", "B", 4880, -1855, 78],
		[14, "D14", "B", 5630, -2020, 78],
		[15, "D15", "B", 6345, -2135, 78],
		[16, "D17", "B", 1155, -2430, 90],
		[17, "D18", "B", 2165, -2500, 90],
		[18, "D19", "B", 3380, -2500, 90],
		[19, "D20", "B", 4170, -2465, 78],
		[20, "D21", "B", 4910, -2600, 78],
		[21, "D22", "B", 5645, -2750, 78],
		[22, "D23", "B", 6380, -2880, 78],
		[23, "D26", "B", 2375, -3230, 90],
		[24, "D27", "B", 3590, -3230, 90],
		[25, "D28", "B", 4385, -3235, 78],
		[26, "D29", "B", 5120, -3400, 78],
		[27, "D30", "B", 5845, -3570, 78],
		[28, "D31", "B", 6580, -3720, 78],
		[29, "D34", "B", 2000, -4015, 90],
		[30, "D35", "B", 2935, -4005, 90],
		[31, "D37", "B", 4660, -4105, 78],
		[32, "D39", "B", 5945, -4375, 78],
		[33, "H1", "T", 7715, -2470, 270],
		[34, "U1", "T", 1775, -810, 0],
		[35, "U2", "T", 2684.13, -893.74, 0],
		[36, "U3", "T", 3430, -895, 0],
		[37, "U4", "T", 4175, -810, 0],
		[38, "U5", "T", 4975, -965, 348],
		[39, "U6", "T", 5710, -1120, 348],
		[40, "U7", "T", 6440, -1280, 348],
		[41, "U8", "T", 7175, -1435, 348],
		[42, "U9", "T", 1615, -1560, 0],
		[43, "U10", "T", 2705, -1645, 0],
		[44, "U11", "T", 3640, -1645, 0],
		[45, "U12", "T", 4450, -1620, 348],
		[46, "U13", "T", 5185, -1780, 348],
		[47, "U14", "T", 5920, -1935, 348],
		[48, "U15", "T", 6650, -2090, 348],
		[49, "U17", "T", 1450, -2310, 0],
		[50, "U18", "T", 2455, -2395, 0],
		[51, "U18N1", "T", 2644.11, -2395.36, 180],
		[52, "U19", "T", 3670, -2395, 0],
		[53, "U20", "T", 4480, -2395, 348],
		[54, "U21", "T", 5214.57, -2554.73, 348],
		[55, "U22", "T", 5945, -2705, 348],
		[56, "U23", "T", 6680, -2860, 348],
		[57, "U26", "T", 2670, -3145, 0],
		[58, "U27", "T", 3875, -3140, 0],
		[59, "U28", "T", 4690, -3205, 348],
		[60, "U29", "T", 5420, -3365, 348],
		[61, "U30", "T", 6150, -3520, 348],
		[62, "U31", "T", 6881.53, -3675.62, 348],
		[63, "U34", "T", 2295, -3885, 0],
		[64, "U35", "T", 3230, -3885, 0],
		[65, "U37", "T", 4975, -4055, 348],
		[66, "U39", "T", 6260, -4325, 348]
	]
},
"pins": {
	"fields": ["PIN_NO", "PIN_NAME", "PIN_X", "PIN_Y", "LAYER", "PIN_TYPE", "NET_NAME", "NET_TYPE", "PAD_SHAPE", "PAD_SIZEX", "PAD_SIZEY", "HOLE_SIZE", "PAD_ANGLE"],
	"rows": [
		[1, "D1_1", 1480, -984.06, "B", "SMD", "ROW0", "", "R", 43.31, 43.31, 0, 270],
		[2, "D1_2", 1480, -865.95, "B", "SMD", "$1N4395", "", "R", 43.31, 43.31, 0, 270],
		[3, "D2_1", 2394.99, -1049.06, "B", "SMD", "ROW0", "", "R", 43.31, 43.31, 0, 270],
		[4, "D2_2", 2394.99, -930.95, "B", "SMD", "$1N4398", "", "R", 43.31, 43.31, 0, 270],
		[5, "D3_1", 3144.99, -1044.06, "B", "SMD", "ROW0", "", "R", 43.31, 43.31, 0, 270],
		[6, "D3_2", 3144.99, -925.95, "B", "SMD", "$1N4402", "", "R", 43.31, 43.31, 0, 270],
		[7, "D4_1", 3879.99, -949.06, "B", "SMD", "ROW0", "", "R", 43.31, 43.31, 0, 270],
		[8, "D4_2", 3879.99, -830.95, "B", "SMD", "$1N4406", "", "R", 43.31, 43.31, 0, 270],
		[9, "D5_1", 4637.72, -1077.76, "B", "SMD", "ROW0", "", "R", 43.31, 43.31, 0, 258],
		[10, "D5_2", 4662.27, -962.24, "B", "SMD", "$1N4410", "", "R", 43.31, 43.31, 0, 258],
		[11, "D6_1", 5377.72, -1232.76, "B", "SMD", "ROW0", "", "R", 43.31, 43.31, 0, 258],
		[12, "D6_2", 5402.27, -1117.24, "B", "SMD", "$1N4414", "", "R", 43.31, 43.31, 0, 258],
		[13, "D7_1", 6122.72, -1387.76, "B", "SMD", "ROW0", "", "R", 43.31, 43.31, 0, 258],
		[14, "D7_2", 6147.27, -1272.24, "B", "SMD", "$1N4418", "", "R", 43.31, 43.31, 0, 258],
		[15, "D8_1", 6857.72, -1547.76, "B", "SMD", "ROW0", "", "R", 43.31, 43.31, 0, 258],
		[16, "D8_2", 6882.27, -1432.24, "B", "SMD", "$1N4422", "", "R", 43.31, 43.31, 0, 258],
		[17, "D9_1", 1320, -1744.06, "B", "SMD", "ROW1", "", "R", 43.31, 43.31, 0, 270],
		[18, "D9_2", 1320, -1625.95, "B", "SMD", "$1N4426", "", "R", 43.31, 43.31, 0, 270],
		[19, "D10_1", 2414.99, -1809.06, "B", "SMD", "ROW1", "", "R", 43.31, 43.31, 0, 270],
		[20, "D10_2", 2414.99, -1690.95, "B", "SMD", "$1N4430", "", "R", 43.31, 43.31, 0, 270],
		[21, "D11_1", 3354.99, -1814.06, "B", "SMD", "ROW1", "", "R", 43.31, 43.31, 0, 270],
		[22, "D11_2", 3354.99, -1695.95, "B", "SMD", "$1N4434", "", "R", 43.31, 43.31, 0, 270],
		[23, "D12_1", 4122.72, -1747.76, "B", "SMD", "ROW1", "", "R", 43.31, 43.31, 0, 258],
		[24, "D12_2", 4147.27, -1632.24, "B", "SMD", "$1N4438", "", "R", 43.31, 43.31, 0, 258],
		[25, "D13_1", 4867.72, -1912.76, "B", "SMD", "ROW1", "", "R", 43.31, 43.31, 0, 258],
		[26, "D13_2", 4892.27, -1797.24, "B", "SMD", "$1N4442", "", "R", 43.31, 43.31, 0, 258],
		[27, "D14_1", 5617.72, -2077.76, "B", "SMD", "ROW1", "", "R", 43.31, 43.31, 0, 258],
		[28, "D14_2", 5642.27, -1962.24, "B", "SMD", "$1N4446", "", "R", 43.31, 43.31, 0, 258],
		[29, "D15_1", 6332.72, -2192.76, "B", "SMD", "ROW1", "", "R", 43.31, 43.31, 0, 258],
		[30, "D15_2", 6357.27, -2077.24, "B", "SMD", "$1N4450", "", "R", 43.31, 43.31, 0, 258],
		[31, "D17_1", 1154.99, -2489.06, "B", "SMD", "ROW2", "", "R", 43.31, 43.31, 0, 270],
		[32, "D17_2", 1154.99, -2370.95, "B", "SMD", "$1N4458", "", "R", 43.31, 43.31, 0, 270],
		[33, "D18_1", 2164.99, -2559.06, "B", "SMD", "ROW2", "", "R", 43.31, 43.31, 0, 270],
		[34, "D18_2", 2164.99, -2440.95, "B", "SMD", "$1N4462", "", "R", 43.31, 43.31, 0, 270],
		[35, "D19_1", 3379.99, -2559.06, "B", "SMD", "ROW2", "", "R", 43.31, 43.31, 0, 270],
		[36, "D19_2", 3379.99, -2440.95, "B", "SMD", "$1N4466", "", "R", 43.31, 43.31, 0, 270],
		[37, "D20_1", 4157.72, -2522.76, "B", "SMD", "ROW2", "", "R", 43.31, 43.31, 0, 258],
		[38, "D20_2", 4182.27, -2407.24, "B", "SMD", "$1N4470", "", "R", 43.31, 43.31, 0, 258],
		[39, "D21_1", 4897.72, -2657.76, "B", "SMD", "ROW2", "", "R", 43.31, 43.31, 0, 258],
		[40, "D21_2", 4922.27, -2542.24, "B", "SMD", "$1N4474", "", "R", 43.31, 43.31, 0, 258],
		[41, "D22_1", 5632.72, -2807.76, "B", "SMD", "ROW2", "", "R", 43.31, 43.31, 0, 258],
		[42, "D22_2", 5657.27, -2692.24, "B", "SMD", "$1N4478", "", "R", 43.31, 43.31, 0, 258],
		[43, "D23_1", 6367.72, -2937.76, "B", "SMD", "ROW2", "", "R", 43.31, 43.31, 0, 258],
		[44, "D23_2", 6392.27, -2822.24, "B", "SMD", "$1N4482", "", "R", 43.31, 43.31, 0, 258],
		[45, "D26_1", 2374.99, -3289.06, "B", "SMD", "ROW3", "", "R", 43.31, 43.31, 0, 270],
		[46, "D26_2", 2374.99, -3170.95, "B", "SMD", "$1N4494", "", "R", 43.31, 43.31, 0, 270],
		[47, "D27_1", 3589.99, -3289.06, "B", "SMD", "ROW3", "", "R", 43.31, 43.31, 0, 270],
		[48, "D27_2", 3589.99, -3170.95, "B", "SMD", "$1N4498", "", "R", 43.31, 43.31, 0, 270],
		[49, "D28_1", 4372.72, -3292.76, "B", "SMD", "ROW3", "", "R", 43.31, 43.31, 0, 258],
		[50, "D28_2", 4397.27, -3177.24, "B", "SMD", "$1N4502", "", "R", 43.31, 43.31, 0, 258],
		[51, "D29_1", 5107.72, -3457.76, "B", "SMD", "ROW3", "", "R", 43.31, 43.31, 0, 258],
		[52, "D29_2", 5132.27, -3342.24, "B", "SMD", "$1N4506", "", "R", 43.31, 43.31, 0, 258],
		[53, "D30_1", 5832.72, -3627.76, "B", "SMD", "ROW3", "", "R", 43.31, 43.31, 0, 258],
		[54, "D30_2", 5857.27, -3512.24, "B", "SMD", "$1N4510", "", "R", 43.31, 43.31, 0, 258],
		[55, "D31_1", 6567.72, -3777.76, "B", "SMD", "ROW3", "", "R", 43.31, 43.31, 0, 258],
		[56, "D31_2", 6592.27, -3662.24, "B", "SMD", "$1N4514", "", "R", 43.31, 43.31, 0, 258],
		[57, "D34_1", 2000, -4074.06, "B", "SMD", "ROW4", "", "R", 43.31, 43.31, 0, 270],
		[58, "D34_2", 2000, -3955.95, "B", "SMD", "$1N4526", "", "R", 43.31, 43.31, 0, 270],
		[59, "D35_1", 2934.99, -4064.06, "B", "SMD", "ROW4", "", "R", 43.31, 43.31, 0, 270],
		[60, "D35_2", 2934.99, -3945.95, "B", "SMD", "$1N4530", "", "R", 43.31, 43.31, 0, 270],
		[61, "D37_1", 4647.72, -4162.76, "B", "SMD", "ROW4", "", "R", 43.31, 43.31, 0, 258],
		[62, "D37_2", 4672.27, -4047.24, "B", "SMD", "$1N4538", "", "R", 43.31, 43.31, 0, 258],
		[63, "D39_1", 5932.72, -4432.76, "B", "SMD", "ROW4", "", "R", 43.31, 43.31, 0, 258],
		[64, "D39_2", 5957.27, -4317.24, "B", "SMD", "$1N4546", "", "R", 43.31, 43.31, 0, 258],
		[65, "H1_1", 7665, -2170, "T", "DIP", "COL0", "", "R", 66.93, 66.93, 43.31, 270],
		[66, "H1_1", 7665, -2170, "B", "DIP", "COL0", "", "R", 66.93, 66.93, 43.31, 270],
		[67, "H1_2", 7765, -2170, "T", "DIP", "COL7", "", "C", 66.93, 66.93, 43.31, 270],
		[68, "H1_2", 7765, -2170, "B", "DIP", "COL7", "", "C", 66.93, 66.93, 43.31, 270],
		[69, "H1_3", 7665, -2270, "T", "DIP", "COL1", "", "C", 66.93, 66.93, 43.31, 270],
		[70, "H1_3", 7665, -2270, "B", "DIP", "COL1", "", "C", 66.93, 66.93, 43.31, 270],
		[71, "H1_4", 7765, -2270, "T", "DIP", "ROW0", "", "C", 66.93, 66.93, 43.31, 270],
		[72, "H1_4", 7765, -2270, "B", "DIP", "ROW0", "", "C", 66.93, 66.93, 43.31, 270],
		[73, "H1_5", 7665, -2370, "T", "DIP", "COL2", "", "C", 66.93, 66.93, 43.31, 270],
		[74, "H1_5", 7665, -2370, "B", "DIP", "COL2", "", "C", 66.93, 66.93, 43.31, 270],
		[75, "H1_6", 7765, -2370, "T", "DIP", "ROW1", "", "C", 66.93, 66.93, 43.31, 270],
		[76, "H1_6", 7765, -2370, "B", "DIP", "ROW1", "", "C", 66.93, 66.93, 43.31, 270],
		[77, "H1_7", 7665, -2470, "T", "DIP", "COL3", "", "C", 66.93, 66.93, 43.31, 270],
		[78, "H1_7", 7665, -2470, "B", "DIP", "COL3", "", "C", 66.93, 66.93, 43.31, 270],
		[79, "H1_8", 7765, -2470, "T", "DIP", "ROW2", "", "C", 66.93, 66.93, 43.31, 270],
		[80, "H1_8", 7765, -2470, "B", "DIP", "ROW2", "", "C", 66.93, 66.93, 43.31, 270],
		[81, "H1_9", 7665, -2570, "T", "DIP", "COL4", "", "C", 66.93, 66.93, 43.31, 270],
		[82, "H1_9", 7665, -2570, "B", "DIP", "COL4", "", "C", 66.93, 66.93, 43.31, 270],
		[83, "H1_10", 7765, -2570, "T", "DIP", "ROW3", "", "C", 66.93, 66.93, 43.31, 270],
		[84, "H1_10", 7765, -2570, "B", "DIP", "ROW3", "", "C", 66.93, 66.93, 43.31, 270],
		[85, "H1_11", 7665, -2670, "T", "DIP", "COL5", "", "C", 66.93, 66.93, 43.31, 270],
		[86, "H1_11", 7665, -2670, "B", "DIP", "COL5", "", "C", 66.93, 66.93, 43.31, 270],
		[87, "H1_12", 7765, -2670, "T", "DIP", "ROW4", "", "C", 66.93, 66.93, 43.31, 270],
		[88, "H1_12", 7765, -2670, "B", "DIP", "ROW4", "", "C", 66.93, 66.93, 43.31, 270],
		[89, "H1_13", 7665, -2770, "T", "DIP", "COL6", "", "C", 66.93, 66.93, 43.31, 270],
		[90, "H1_13", 7665, -2770, "B", "DIP", "COL6", "", "C", 66.93, 66.93, 43.31, 270],
		[91, "H1_14", 7765, -2770, "T", "DIP", "H1_14", "", "C", 66.93, 66.93, 43.31, 270],
		[92, "H1_14", 7765, -2770, "B", "DIP", "H1_14", "", "C", 66.93, 66.93, 43.31, 270],
		[93, "U1_1", 2025.02, -617.17, "B", "SMD", "COL0", "", "R", 98.42, 98.42, 0, 180],
		[94, "U1_1", 1880.02, -616.17, "T", "DIP", "COL0", "", "C", 128, 128, 118.11, 180],
		[95, "U1_1", 1880.02, -616.17, "B", "DIP", "COL0", "", "C", 128, 128, 118.11, 180],
		[96, "U1_2", 1479.65, -716.24, "B", "SMD", "$1N4395", "", "R", 98.42, 98.42, 0, 180],
		[97, "U1_2", 1628.02, -710.17, "T", "DIP", "$1N4395", "", "C", 128, 128, 118.11, 180],
		[98, "U1_2", 1628.02, -710.17, "B", "DIP", "$1N4395", "", "C", 128, 128, 118.11, 180],
		[99, "U1_3", 1777.02, -811.17, "T", "DIP", "U1_3", "", "C", 170, 170, 157.48, 0],
		[100, "U1_3", 1777.02, -811.17, "B", "DIP", "U1_3", "", "C", 170, 170, 157.48, 0],
		[101, "U1_4", 1580.16, -811.18, "T", "DIP", "U1_4", "", "C", 78.74, 78.74, 68.9, 0],
		[102, "U1_4", 1580.16, -811.18, "B", "DIP", "U1_4", "", "C", 78.74, 78.74, 68.9, 0],
		[103, "U1_5", 1973.86, -811.18, "T", "DIP", "U1_5", "", "C", 78.74, 78.74, 68.9, 0],
		[104, "U1_5", 1973.86, -811.18, "B", "DIP", "U1_5", "", "C", 78.74, 78.74, 68.9, 0],
		[105, "U2_1", 2934.15, -700.91, "B", "SMD", "COL1", "", "R", 98.42, 98.42, 0, 180],
		[106, "U2_1", 2789.15, -699.91, "T", "DIP", "COL1", "", "C", 128, 128, 118.11, 180],
		[107, "U2_1", 2789.15, -699.91, "B", "DIP", "COL1", "", "C", 128, 128, 118.11, 180],
		[108, "U2_2", 2388.78, -799.98, "B", "SMD", "$1N4398", "", "R", 98.42, 98.42, 0, 180],
		[109, "U2_2", 2537.15, -793.91, "T", "DIP", "$1N4398", "", "C", 128, 128, 118.11, 180],
		[110, "U2_2", 2537.15, -793.91, "B", "DIP", "$1N4398", "", "C", 128, 128, 118.11, 180],
		[111, "U2_3", 2686.15, -894.91, "T", "DIP", "U2_3", "", "C", 170, 170, 157.48, 0],
		[112, "U2_3", 2686.15, -894.91, "B", "DIP", "U2_3", "", "C", 170, 170, 157.48, 0],
		[113, "U2_4", 2489.29, -894.92, "T", "DIP", "U2_4", "", "C", 78.74, 78.74, 68.9, 0],
		[114, "U2_4", 2489.29, -894.92, "B", "DIP", "U2_4", "", "C", 78.74, 78.74, 68.9, 0],
		[115, "U2_5", 2882.99, -894.92, "T", "DIP", "U2_5", "", "C", 78.74, 78.74, 68.9, 0],
		[116, "U2_5", 2882.99, -894.92, "B", "DIP", "U2_5", "", "C", 78.74, 78.74, 68.9, 0],
		[117, "U3_1", 3680.02, -702.17, "B", "SMD", "COL2", "", "R", 98.42, 98.42, 0, 180],
		[118, "U3_1", 3535.02, -701.17, "T", "DIP", "COL2", "", "C", 128, 128, 118.11, 180],
		[119, "U3_1", 3535.02, -701.17, "B", "DIP", "COL2", "", "C", 128, 128, 118.11, 180],
		[120, "U3_2", 3134.65, -801.24, "B", "SMD", "$1N4402", "", "R", 98.42, 98.42, 0, 180],
		[121, "U3_2", 3283.02, -795.17, "T", "DIP", "$1N4402", "", "C", 128, 128, 118.11, 180],
		[122, "U3_2", 3283.02, -795.17, "B", "DIP", "$1N4402", "", "C", 128, 128, 118.11, 180],
		[123, "U3_3", 3432.02, -896.17, "T", "DIP", "U3_3", "", "C", 170, 170, 157.48, 0],
		[124, "U3_3", 3432.02, -896.17, "B", "DIP", "U3_3", "", "C", 170, 170, 157.48, 0],
		[125, "U3_4", 3235.16, -896.18, "T", "DIP", "U3_4", "", "C", 78.74, 78.74, 68.9, 0],
		[126, "U3_4", 3235.16, -896.18, "B", "DIP", "U3_4", "", "C", 78.74, 78.74, 68.9, 0],
		[127, "U3_5", 3628.86, -896.18, "T", "DIP", "U3_5", "", "C", 78.74, 78.74, 68.9, 0],
		[128, "U3_5", 3628.86, -896.18, "B", "DIP", "U3_5", "", "C", 78.74, 78.74, 68.9, 0],
		[129, "U4_1", 4425.02, -617.17, "B", "SMD", "COL3", "", "R", 98.42, 98.42, 0, 180],
		[130, "U4_1", 4280.02, -616.17, "T", "DIP", "COL3", "", "C", 128, 128, 118.11, 180],
		[131, "U4_1", 4280.02, -616.17, "B", "DIP", "COL3", "", "C", 128, 128, 118.11, 180],
		[132, "U4_2", 3879.65, -716.24, "B", "SMD", "$1N4406", "", "R", 98.42, 98.42, 0, 180],
		[133, "U4_2", 4028.02, -710.17, "T", "DIP", "$1N4406", "", "C", 128, 128, 118.11, 180],
		[134, "U4_2", 4028.02, -710.17, "B", "DIP", "$1N4406", "", "C", 128, 128, 118.11, 180],
		[135, "U4_3", 4177.02, -811.17, "T", "DIP", "U4_3", "", "C", 170, 170, 157.48, 0],
		[136, "U4_3", 4177.02, -811.17, "B", "DIP", "U4_3", "", "C", 170, 170, 157.48, 0],
		[137, "U4_4", 3980.16, -811.18, "T", "DIP", "U4_4", "", "C", 78.74, 78.74, 68.9, 0],
		[138, "U4_4", 3980.16, -811.18, "B", "DIP", "U4_4", "", "C", 78.74, 78.74, 68.9, 0],
		[139, "U4_5", 4373.86, -811.18, "T", "DIP", "U4_5", "", "C", 78.74, 78.74, 68.9, 0],
		[140, "U4_5", 4373.86, -811.18, "B", "DIP", "U4_5", "", "C", 78.74, 78.74, 68.9, 0],
		[141, "U5_1", 5259.65, -828.37, "B", "SMD", "COL4", "", "R", 98.42, 98.42, 0, 168],
		[142, "U5_1", 5118.02, -797.24, "T", "DIP", "COL4", "", "C", 128, 128, 118.11, 168],
		[143, "U5_1", 5118.02, -797.24, "B", "DIP", "COL4", "", "C", 128, 128, 118.11, 168],
		[144, "U5_2", 4705.6, -811.88, "B", "SMD", "$1N4410", "", "R", 98.42, 98.42, 0, 168],
		[145, "U5_2", 4851.99, -836.79, "T", "DIP", "$1N4410", "", "C", 128, 128, 118.11, 168],
		[146, "U5_2", 4851.99, -836.79, "B", "DIP", "$1N4410", "", "C", 128, 128, 118.11, 168],
		[147, "U5_3", 4976.73, -966.56, "T", "DIP", "U5_3", "", "C", 170, 170, 157.48, 348],
		[148, "U5_3", 4976.73, -966.56, "B", "DIP", "U5_3", "", "C", 170, 170, 157.48, 348],
		[149, "U5_4", 4784.17, -925.65, "T", "DIP", "U5_4", "", "C", 78.74, 78.74, 68.9, 348],
		[150, "U5_4", 4784.17, -925.65, "B", "DIP", "U5_4", "", "C", 78.74, 78.74, 68.9, 348],
		[151, "U5_5", 5169.27, -1007.5, "T", "DIP", "U5_5", "", "C", 78.74, 78.74, 68.9, 348],
		[152, "U5_5", 5169.27, -1007.5, "B", "DIP", "U5_5", "", "C", 78.74, 78.74, 68.9, 348],
		[153, "U6_1", 5994.65, -983.37, "B", "SMD", "COL5", "", "R", 98.42, 98.42, 0, 168],
		[154, "U6_1", 5853.02, -952.24, "T", "DIP", "COL5", "", "C", 128, 128, 118.11, 168],
		[155, "U6_1", 5853.02, -952.24, "B", "DIP", "COL5", "", "C", 128, 128, 118.11, 168],
		[156, "U6_2", 5440.6, -966.88, "B", "SMD", "$1N4414", "", "R", 98.42, 98.42, 0, 168],
		[157, "U6_2", 5586.99, -991.79, "T", "DIP", "$1N4414", "", "C", 128, 128, 118.11, 168],
		[158, "U6_2", 5586.99, -991.79, "B", "DIP", "$1N4414", "", "C", 128, 128, 118.11, 168],
		[159, "U6_3", 5711.73, -1121.56, "T", "DIP", "U6_3", "", "C", 170, 170, 157.48, 348],
		[160, "U6_3", 5711.73, -1121.56, "B", "DIP", "U6_3", "", "C", 170, 170, 157.48, 348],
		[161, "U6_4", 5519.17, -1080.65, "T", "DIP", "U6_4", "", "C", 78.74, 78.74, 68.9, 348],
		[162, "U6_4", 5519.17, -1080.65, "B", "DIP", "U6_4", "", "C", 78.74, 78.74, 68.9, 348],
		[163, "U6_5", 5904.27, -1162.5, "T", "DIP", "U6_5", "", "C", 78.74, 78.74, 68.9, 348],
		[164, "U6_5", 5904.27, -1162.5, "B", "DIP", "U6_5", "", "C", 78.74, 78.74, 68.9, 348],
		[165, "U7_1", 6724.65, -1143.37, "B", "SMD", "COL6", "", "R", 98.42, 98.42, 0, 168],
		[166, "U7_1", 6583.02, -1112.24, "T", "DIP", "COL6", "", "C", 128, 128, 118.11, 168],
		[167, "U7_1", 6583.02, -1112.24, "B", "DIP", "COL6", "", "C", 128, 128, 118.11, 168],
		[168, "U7_2", 6170.6, -1126.88, "B", "SMD", "$1N4418", "", "R", 98.42, 98.42, 0, 168],
		[169, "U7_2", 6316.99, -1151.79, "T", "DIP", "$1N4418", "", "C", 128, 128, 118.11, 168],
		[170, "U7_2", 6316.99, -1151.79, "B", "DIP", "$1N4418", "", "C", 128, 128, 118.11, 168],
		[171, "U7_3", 6441.73, -1281.56, "T", "DIP", "U7_3", "", "C", 170, 170, 157.48, 348],
		[172, "U7_3", 6441.73, -1281.56, "B", "DIP", "U7_3", "", "C", 170, 170, 157.48, 348],
		[173, "U7_4", 6249.17, -1240.65, "T", "DIP", "U7_4", "", "C", 78.74, 78.74, 68.9, 348],
		[174, "U7_4", 6249.17, -1240.65, "B", "DIP", "U7_4", "", "C", 78.74, 78.74, 68.9, 348],
		[175, "U7_5", 6634.27, -1322.5, "T", "DIP", "U7_5", "", "C", 78.74, 78.74, 68.9, 348],
		[176, "U7_5", 6634.27, -1322.5, "B", "DIP", "U7_5", "", "C", 78.74, 78.74, 68.9, 348],
		[177, "U8_1", 7459.65, -1298.37, "B", "SMD", "COL7", "", "R", 98.42, 98.42, 0, 168],
		[178, "U8_1", 7318.02, -1267.24, "T", "DIP", "COL7", "", "C", 128, 128, 118.11, 168],
		[179, "U8_1", 7318.02, -1267.24, "B", "DIP", "COL7", "", "C", 128, 128, 118.11, 168],
		[180, "U8_2", 6905.6, -1281.88, "B", "SMD", "$1N4422", "", "R", 98.42, 98.42, 0, 168],
		[181, "U8_2", 7051.99, -1306.79, "T", "DIP", "$1N4422", "", "C", 128, 128, 118.11, 168],
		[182, "U8_2", 7051.99, -1306.79, "B", "DIP", "$1N4422", "", "C", 128, 128, 118.11, 168],
		[183, "U8_3", 7176.73, -1436.56, "T", "DIP", "U8_3", "", "C", 170, 170, 157.48, 348],
		[184, "U8_3", 7176.73, -1436.56, "B", "DIP", "U8_3", "", "C", 170, 170, 157.48, 348],
		[185, "U8_4", 6984.17, -1395.65, "T", "DIP", "U8_4", "", "C", 78.74, 78.74, 68.9, 348],
		[186, "U8_4", 6984.17, -1395.65, "B", "DIP", "U8_4", "", "C", 78.74, 78.74, 68.9, 348],
		[187, "U8_5", 7369.27, -1477.5, "T", "DIP", "U8_5", "", "C", 78.74, 78.74, 68.9, 348],
		[188, "U8_5", 7369.27, -1477.5, "B", "DIP", "U8_5", "", "C", 78.74, 78.74, 68.9, 348],
		[189, "U9_1", 1865.02, -1367.17, "B", "SMD", "COL0", "", "R", 98.42, 98.42, 0, 180],
		[190, "U9_1", 1720.02, -1366.17, "T", "DIP", "COL0", "", "C", 128, 128, 118.11, 180],
		[191, "U9_1", 1720.02, -1366.17, "B", "DIP", "COL0", "", "C", 128, 128, 118.11, 180],
		[192, "U9_2", 1319.65, -1466.24, "B", "SMD", "$1N4426", "", "R", 98.42, 98.42, 0, 180],
		[193, "U9_2", 1468.02, -1460.17, "T", "DIP", "$1N4426", "", "C", 128, 128, 118.11, 180],
		[194, "U9_2", 1468.02, -1460.17, "B", "DIP", "$1N4426", "", "C", 128, 128, 118.11, 180],
		[195, "U9_3", 1617.02, -1561.17, "T", "DIP", "U9_3", "", "C", 170, 170, 157.48, 0],
		[196, "U9_3", 1617.02, -1561.17, "B", "DIP", "U9_3", "", "C", 170, 170, 157.48, 0],
		[197, "U9_4", 1420.16, -1561.18, "T", "DIP", "U9_4", "", "C", 78.74, 78.74, 68.9, 0],
		[198, "U9_4", 1420.16, -1561.18, "B", "DIP", "U9_4", "", "C", 78.74, 78.74, 68.9, 0],
		[199, "U9_5", 1813.86, -1561.18, "T", "DIP", "U9_5", "", "C", 78.74, 78.74, 68.9, 0],
		[200, "U9_5", 1813.86, -1561.18, "B", "DIP", "U9_5", "", "C", 78.74, 78.74, 68.9, 0],
		[201, "U10_1", 2955.02, -1452.17, "B", "SMD", "COL1", "", "R", 98.42, 98.42, 0, 180],
		[202, "U10_1", 2810.02, -1451.17, "T", "DIP", "COL1", "", "C", 128, 128, 118.11, 180],
		[203, "U10_1", 2810.02, -1451.17, "B", "DIP", "COL1", "", "C", 128, 128, 118.11, 180],
		[204, "U10_2", 2409.65, -1551.24, "B", "SMD", "$1N4430", "", "R", 98.42, 98.42, 0, 180],
		[205, "U10_2", 2558.02, -1545.17, "T", "DIP", "$1N4430", "", "C", 128, 128, 118.11, 180],
		[206, "U10_2", 2558.02, -1545.17, "B", "DIP", "$1N4430", "", "C", 128, 128, 118.11, 180],
		[207, "U10_3", 2707.02, -1646.17, "T", "DIP", "U10_3", "", "C", 170, 170, 157.48, 0],
		[208, "U10_3", 2707.02, -1646.17, "B", "DIP", "U10_3", "", "C", 170, 170, 157.48, 0],
		[209, "U10_4", 2510.16, -1646.18, "T", "DIP", "U10_4", "", "C", 78.74, 78.74, 68.9, 0],
		[210, "U10_4", 2510.16, -1646.18, "B", "DIP", "U10_4", "", "C", 78.74, 78.74, 68.9, 0],
		[211, "U10_5", 2903.86, -1646.18, "T", "DIP", "U10_5", "", "C", 78.74, 78.74, 68.9, 0],
		[212, "U10_5", 2903.86, -1646.18, "B", "DIP", "U10_5", "", "C", 78.74, 78.74, 68.9, 0],
		[213, "U11_1", 3890.02, -1452.17, "B", "SMD", "COL2", "", "R", 98.42, 98.42, 0, 180],
		[214, "U11_1", 3745.02, -1451.17, "T", "DIP", "COL2", "", "C", 128, 128, 118.11, 180],
		[215, "U11_1", 3745.02, -1451.17, "B", "DIP", "COL2", "", "C", 128, 128, 118.11, 180],
		[216, "U11_2", 3344.65, -1551.24, "B", "SMD", "$1N4434", "", "R", 98.42, 98.42, 0, 180],
		[217, "U11_2", 3493.02, -1545.17, "T", "DIP", "$1N4434", "", "C", 128, 128, 118.11, 180],
		[218, "U11_2", 3493.02, -1545.17, "B", "DIP", "$1N4434", "", "C", 128, 128, 118.11, 180],
		[219, "U11_3", 3642.02, -1646.17, "T", "DIP", "U11_3", "", "C", 170, 170, 157.48, 0],
		[220, "U11_3", 3642.02, -1646.17, "B", "DIP", "U11_3", "", "C", 170, 170, 157.48, 0],
		[221, "U11_4", 3445.16, -1646.18, "T", "DIP", "U11_4", "", "C", 78.74, 78.74, 68.9, 0],
		[222, "U11_4", 3445.16, -1646.18, "B", "DIP", "U11_4", "", "C", 78.74, 78.74, 68.9, 0],
		[223, "U11_5", 3838.86, -1646.18, "T", "DIP", "U11_5", "", "C", 78.74, 78.74, 68.9, 0],
		[224, "U11_5", 3838.86, -1646.18, "B", "DIP", "U11_5", "", "C", 78.74, 78.74, 68.9, 0],
		[225, "U12_1", 4734.65, -1483.37, "B", "SMD", "COL3", "", "R", 98.42, 98.42, 0, 168],
		[226, "U12_1", 4593.02, -1452.24, "T", "DIP", "COL3", "", "C", 128, 128, 118.11, 168],
		[227, "U12_1", 4593.02, -1452.24, "B", "DIP", "COL3", "", "C", 128, 128, 118.11, 168],
		[228, "U12_2", 4180.6, -1466.88, "B", "SMD", "$1N4438", "", "R", 98.42, 98.42, 0, 168],
		[229, "U12_2", 4326.99, -1491.79, "T", "DIP", "$1N4438", "", "C", 128, 128, 118.11, 168],
		[230, "U12_2", 4326.99, -1491.79, "B", "DIP", "$1N4438", "", "C", 128, 128, 118.11, 168],
		[231, "U12_3", 4451.73, -1621.56, "T", "DIP", "U12_3", "", "C", 170, 170, 157.48, 348],
		[232, "U12_3", 4451.73, -1621.56, "B", "DIP", "U12_3", "", "C", 170, 170, 157.48, 348],
		[233, "U12_4", 4259.17, -1580.65, "T", "DIP", "U12_4", "", "C", 78.74, 78.74, 68.9, 348],
		[234, "U12_4", 4259.17, -1580.65, "B", "DIP", "U12_4", "", "C", 78.74, 78.74, 68.9, 348],
		[235, "U12_5", 4644.27, -1662.5, "T", "DIP", "U12_5", "", "C", 78.74, 78.74, 68.9, 348],
		[236, "U12_5", 4644.27, -1662.5, "B", "DIP", "U12_5", "", "C", 78.74, 78.74, 68.9, 348],
		[237, "U13_1", 5469.65, -1643.37, "B", "SMD", "COL4", "", "R", 98.42, 98.42, 0, 168],
		[238, "U13_1", 5328.02, -1612.24, "T", "DIP", "COL4", "", "C", 128, 128, 118.11, 168],
		[239, "U13_1", 5328.02, -1612.24, "B", "DIP", "COL4", "", "C", 128, 128, 118.11, 168],
		[240, "U13_2", 4915.6, -1626.88, "B", "SMD", "$1N4442", "", "R", 98.42, 98.42, 0, 168],
		[241, "U13_2", 5061.99, -1651.79, "T", "DIP", "$1N4442", "", "C", 128, 128, 118.11, 168],
		[242, "U13_2", 5061.99, -1651.79, "B", "DIP", "$1N4442", "", "C", 128, 128, 118.11, 168],
		[243, "U13_3", 5186.73, -1781.56, "T", "DIP", "U13_3", "", "C", 170, 170, 157.48, 348],
		[244, "U13_3", 5186.73, -1781.56, "B", "DIP", "U13_3", "", "C", 170, 170, 157.48, 348],
		[245, "U13_4", 4994.17, -1740.65, "T", "DIP", "U13_4", "", "C", 78.74, 78.74, 68.9, 348],
		[246, "U13_4", 4994.17, -1740.65, "B", "DIP", "U13_4", "", "C", 78.74, 78.74, 68.9, 348],
		[247, "U13_5", 5379.27, -1822.5, "T", "DIP", "U13_5", "", "C", 78.74, 78.74, 68.9, 348],
		[248, "U13_5", 5379.27, -1822.5, "B", "DIP", "U13_5", "", "C", 78.74, 78.74, 68.9, 348],
		[249, "U14_1", 6204.65, -1798.37, "B", "SMD", "COL5", "", "R", 98.42, 98.42, 0, 168],
		[250, "U14_1", 6063.02, -1767.24, "T", "DIP", "COL5", "", "C", 128, 128, 118.11, 168],
		[251, "U14_1", 6063.02, -1767.24, "B", "DIP", "COL5", "", "C", 128, 128, 118.11, 168],
		[252, "U14_2", 5650.6, -1781.88, "B", "SMD", "$1N4446", "", "R", 98.42, 98.42, 0, 168],
		[253, "U14_2", 5796.99, -1806.79, "T", "DIP", "$1N4446", "", "C", 128, 128, 118.11, 168],
		[254, "U14_2", 5796.99, -1806.79, "B", "DIP", "$1N4446", "", "C", 128, 128, 118.11, 168],
		[255, "U14_3", 5921.73, -1936.56, "T", "DIP", "U14_3", "", "C", 170, 170, 157.48, 348],
		[256, "U14_3", 5921.73, -1936.56, "B", "DIP", "U14_3", "", "C", 170, 170, 157.48, 348],
		[257, "U14_4", 5729.17, -1895.65, "T", "DIP", "U14_4", "", "C", 78.74, 78.74, 68.9, 348],
		[258, "U14_4", 5729.17, -1895.65, "B", "DIP", "U14_4", "", "C", 78.74, 78.74, 68.9, 348],
		[259, "U14_5", 6114.27, -1977.5, "T", "DIP", "U14_5", "", "C", 78.74, 78.74, 68.9, 348],
		[260, "U14_5", 6114.27, -1977.5, "B", "DIP", "U14_5", "", "C", 78.74, 78.74, 68.9, 348],
		[261, "U15_1", 6934.65, -1953.37, "B", "SMD", "COL6", "", "R", 98.42, 98.42, 0, 168],
		[262, "U15_1", 6793.02, -1922.24, "T", "DIP", "COL6", "", "C", 128, 128, 118.11, 168],
		[263, "U15_1", 6793.02, -1922.24, "B", "DIP", "COL6", "", "C", 128, 128, 118.11, 168],
		[264, "U15_2", 6380.6, -1936.88, "B", "SMD", "$1N4450", "", "R", 98.42, 98.42, 0, 168],
		[265, "U15_2", 6526.99, -1961.79, "T", "DIP", "$1N4450", "", "C", 128, 128, 118.11, 168],
		[266, "U15_2", 6526.99, -1961.79, "B", "DIP", "$1N4450", "", "C", 128, 128, 118.11, 168],
		[267, "U15_3", 6651.73, -2091.56, "T", "DIP", "U15_3", "", "C", 170, 170, 157.48, 348],
		[268, "U15_3", 6651.73, -2091.56, "B", "DIP", "U15_3", "", "C", 170, 170, 157.48, 348],
		[269, "U15_4", 6459.17, -2050.65, "T", "DIP", "U15_4", "", "C", 78.74, 78.74, 68.9, 348],
		[270, "U15_4", 6459.17, -2050.65, "B", "DIP", "U15_4", "", "C", 78.74, 78.74, 68.9, 348],
		[271, "U15_5", 6844.27, -2132.5, "T", "DIP", "U15_5", "", "C", 78.74, 78.74, 68.9, 348],
		[272, "U15_5", 6844.27, -2132.5, "B", "DIP", "U15_5", "", "C", 78.74, 78.74, 68.9, 348],
		[273, "U17_1", 1700.02, -2117.17, "B", "SMD", "COL0", "", "R", 98.42, 98.42, 0, 180],
		[274, "U17_1", 1555.02, -2116.17, "T", "DIP", "COL0", "", "C", 128, 128, 118.11, 180],
		[275, "U17_1", 1555.02, -2116.17, "B", "DIP", "COL0", "", "C", 128, 128, 118.11, 180],
		[276, "U17_2", 1154.65, -2216.24, "B", "SMD", "$1N4458", "", "R", 98.42, 98.42, 0, 180],
		[277, "U17_2", 1303.02, -2210.17, "T", "DIP", "$1N4458", "", "C", 128, 128, 118.11, 180],
		[278, "U17_2", 1303.02, -2210.17, "B", "DIP", "$1N4458", "", "C", 128, 128, 118.11, 180],
		[279, "U17_3", 1452.02, -2311.17, "T", "DIP", "U17_3", "", "C", 170, 170, 157.48, 0],
		[280, "U17_3", 1452.02, -2311.17, "B", "DIP", "U17_3", "", "C", 170, 170, 157.48, 0],
		[281, "U17_4", 1255.16, -2311.18, "T", "DIP", "U17_4", "", "C", 78.74, 78.74, 68.9, 0],
		[282, "U17_4", 1255.16, -2311.18, "B", "DIP", "U17_4", "", "C", 78.74, 78.74, 68.9, 0],
		[283, "U17_5", 1648.86, -2311.18, "T", "DIP", "U17_5", "", "C", 78.74, 78.74, 68.9, 0],
		[284, "U17_5", 1648.86, -2311.18, "B", "DIP", "U17_5", "", "C", 78.74, 78.74, 68.9, 0],
		[285, "U18_1", 2705.02, -2202.17, "B", "SMD", "COL1", "", "R", 98.42, 98.42, 0, 180],
		[286, "U18_1", 2560.02, -2201.17, "T", "DIP", "COL1", "", "C", 128, 128, 118.11, 180],
		[287, "U18_1", 2560.02, -2201.17, "B", "DIP", "COL1", "", "C", 128, 128, 118.11, 180],
		[288, "U18_2", 2159.65, -2301.24, "B", "SMD", "$1N4462", "", "R", 98.42, 98.42, 0, 180],
		[289, "U18_2", 2308.02, -2295.17, "T", "DIP", "$1N4462", "", "C", 128, 128, 118.11, 180],
		[290, "U18_2", 2308.02, -2295.17, "B", "DIP", "$1N4462", "", "C", 128, 128, 118.11, 180],
		[291, "U18_3", 2457.02, -2396.17, "T", "DIP", "U18_3", "", "C", 170, 170, 157.48, 0],
		[292, "U18_3", 2457.02, -2396.17, "B", "DIP", "U18_3", "", "C", 170, 170, 157.48, 0],
		[293, "U18_4", 2260.16, -2396.18, "T", "DIP", "U18_4", "", "C", 78.74, 78.74, 68.9, 0],
		[294, "U18_4", 2260.16, -2396.18, "B", "DIP", "U18_4", "", "C", 78.74, 78.74, 68.9, 0],
		[295, "U18_5", 2653.86, -2396.18, "T", "DIP", "U18_5", "", "C", 78.74, 78.74, 68.9, 0],
		[296, "U18_5", 2653.86, -2396.18, "B", "DIP", "U18_5", "", "C", 78.74, 78.74, 68.9, 0],
		[297, "U18N1_1", 2394.09, -2588.19, "B", "SMD", "COL1", "", "R", 98.42, 98.42, 0, 0],
		[298, "U18N1_1", 2539.09, -2589.19, "T", "DIP", "COL1", "", "C", 128, 128, 118.11, 0],
		[299, "U18N1_1", 2539.09, -2589.19, "B", "DIP", "COL1", "", "C", 128, 128, 118.11, 0],
		[300, "U18N1_2", 2939.46, -2489.12, "B", "SMD", "$1N4462", "", "R", 98.42, 98.42, 0, 0],
		[301, "U18N1_2", 2791.09, -2495.19, "T", "DIP", "$1N4462", "", "C", 128, 128, 118.11, 0],
		[302, "U18N1_2", 2791.09, -2495.19, "B", "DIP", "$1N4462", "", "C", 128, 128, 118.11, 0],
		[303, "U18N1_3", 2642.09, -2394.19, "T", "DIP", "U18N1_3", "", "C", 170, 170, 157.48, 180],
		[304, "U18N1_3", 2642.09, -2394.19, "B", "DIP", "U18N1_3", "", "C", 170, 170, 157.48, 180],
		[305, "U18N1_4", 2838.95, -2394.18, "T", "DIP", "U18N1_4", "", "C", 78.74, 78.74, 68.9, 180],
		[306, "U18N1_4", 2838.95, -2394.18, "B", "DIP", "U18N1_4", "", "C", 78.74, 78.74, 68.9, 180],
		[307, "U18N1_5", 2445.25, -2394.18, "T", "DIP", "U18N1_5", "", "C", 78.74, 78.74, 68.9, 180],
		[308, "U18N1_5", 2445.25, -2394.18, "B", "DIP", "U18N1_5", "", "C", 78.74, 78.74, 68.9, 180],
		[309, "U19_1", 3920.02, -2202.17, "B", "SMD", "COL2", "", "R", 98.42, 98.42, 0, 180],
		[310, "U19_1", 3775.02, -2201.17, "T", "DIP", "COL2", "", "C", 128, 128, 118.11, 180],
		[311, "U19_1", 3775.02, -2201.17, "B", "DIP", "COL2", "", "C", 128, 128, 118.11, 180],
		[312, "U19_2", 3374.65, -2301.24, "B", "SMD", "$1N4466", "", "R", 98.42, 98.42, 0, 180],
		[313, "U19_2", 3523.02, -2295.17, "T", "DIP", "$1N4466", "", "C", 128, 128, 118.11, 180],
		[314, "U19_2", 3523.02, -2295.17, "B", "DIP", "$1N4466", "", "C", 128, 128, 118.11, 180],
		[315, "U19_3", 3672.02, -2396.17, "T", "DIP", "U19_3", "", "C", 170, 170, 157.48, 0],
		[316, "U19_3", 3672.02, -2396.17, "B", "DIP", "U19_3", "", "C", 170, 170, 157.48, 0],
		[317, "U19_4", 3475.16, -2396.18, "T", "DIP", "U19_4", "", "C", 78.74, 78.74, 68.9, 0],
		[318, "U19_4", 3475.16, -2396.18, "B", "DIP", "U19_4", "", "C", 78.74, 78.74, 68.9, 0],
		[319, "U19_5", 3868.86, -2396.18, "T", "DIP", "U19_5", "", "C", 78.74, 78.74, 68.9, 0],
		[320, "U19_5", 3868.86, -2396.18, "B", "DIP", "U19_5", "", "C", 78.74, 78.74, 68.9, 0],
		[321, "U20_1", 4764.65, -2258.37, "B", "SMD", "COL3", "", "R", 98.42, 98.42, 0, 168],
		[322, "U20_1", 4623.02, -2227.24, "T", "DIP", "COL3", "", "C", 128, 128, 118.11, 168],
		[323, "U20_1", 4623.02, -2227.24, "B", "DIP", "COL3", "", "C", 128, 128, 118.11, 168],
		[324, "U20_2", 4210.6, -2241.88, "B", "SMD", "$1N4470", "", "R", 98.42, 98.42, 0, 168],
		[325, "U20_2", 4356.99, -2266.79, "T", "DIP", "$1N4470", "", "C", 128, 128, 118.11, 168],
		[326, "U20_2", 4356.99, -2266.79, "B", "DIP", "$1N4470", "", "C", 128, 128, 118.11, 168],
		[327, "U20_3", 4481.73, -2396.56, "T", "DIP", "U20_3", "", "C", 170, 170, 157.48, 348],
		[328, "U20_3", 4481.73, -2396.56, "B", "DIP", "U20_3", "", "C", 170, 170, 157.48, 348],
		[329, "U20_4", 4289.17, -2355.65, "T", "DIP", "U20_4", "", "C", 78.74, 78.74, 68.9, 348],
		[330, "U20_4", 4289.17, -2355.65, "B", "DIP", "U20_4", "", "C", 78.74, 78.74, 68.9, 348],
		[331, "U20_5", 4674.27, -2437.5, "T", "DIP", "U20_5", "", "C", 78.74, 78.74, 68.9, 348],
		[332, "U20_5", 4674.27, -2437.5, "B", "DIP", "U20_5", "", "C", 78.74, 78.74, 68.9, 348],
		[333, "U21_1", 5499.22, -2418.1, "B", "SMD", "COL4", "", "R", 98.42, 98.42, 0, 168],
		[334, "U21_1", 5357.6, -2386.97, "T", "DIP", "COL4", "", "C", 128, 128, 118.11, 168],
		[335, "U21_1", 5357.6, -2386.97, "B", "DIP", "COL4", "", "C", 128, 128, 118.11, 168],
		[336, "U21_2", 4945.17, -2401.61, "B", "SMD", "$1N4474", "", "R", 98.42, 98.42, 0, 168],
		[337, "U21_2", 5091.56, -2426.52, "T", "DIP", "$1N4474", "", "C", 128, 128, 118.11, 168],
		[338, "U21_2", 5091.56, -2426.52, "B", "DIP", "$1N4474", "", "C", 128, 128, 118.11, 168],
		[339, "U21_3", 5216.31, -2556.29, "T", "DIP", "U21_3", "", "C", 170, 170, 157.48, 348],
		[340, "U21_3", 5216.31, -2556.29, "B", "DIP", "U21_3", "", "C", 170, 170, 157.48, 348],
		[341, "U21_4", 5023.74, -2515.37, "T", "DIP", "U21_4", "", "C", 78.74, 78.74, 68.9, 348],
		[342, "U21_4", 5023.74, -2515.37, "B", "DIP", "U21_4", "", "C", 78.74, 78.74, 68.9, 348],
		[343, "U21_5", 5408.84, -2597.23, "T", "DIP", "U21_5", "", "C", 78.74, 78.74, 68.9, 348],
		[344, "U21_5", 5408.84, -2597.23, "B", "DIP", "U21_5", "", "C", 78.74, 78.74, 68.9, 348],
		[345, "U22_1", 6229.65, -2568.37, "B", "SMD", "COL5", "", "R", 98.42, 98.42, 0, 168],
		[346, "U22_1", 6088.02, -2537.24, "T", "DIP", "COL5", "", "C", 128, 128, 118.11, 168],
		[347, "U22_1", 6088.02, -2537.24, "B", "DIP", "COL5", "", "C", 128, 128, 118.11, 168],
		[348, "U22_2", 5675.6, -2551.88, "B", "SMD", "$1N4478", "", "R", 98.42, 98.42, 0, 168],
		[349, "U22_2", 5821.99, -2576.79, "T", "DIP", "$1N4478", "", "C", 128, 128, 118.11, 168],
		[350, "U22_2", 5821.99, -2576.79, "B", "DIP", "$1N4478", "", "C", 128, 128, 118.11, 168],
		[351, "U22_3", 5946.73, -2706.56, "T", "DIP", "U22_3", "", "C", 170, 170, 157.48, 348],
		[352, "U22_3", 5946.73, -2706.56, "B", "DIP", "U22_3", "", "C", 170, 170, 157.48, 348],
		[353, "U22_4", 5754.17, -2665.65, "T", "DIP", "U22_4", "", "C", 78.74, 78.74, 68.9, 348],
		[354, "U22_4", 5754.17, -2665.65, "B", "DIP", "U22_4", "", "C", 78.74, 78.74, 68.9, 348],
		[355, "U22_5", 6139.27, -2747.5, "T", "DIP", "U22_5", "", "C", 78.74, 78.74, 68.9, 348],
		[356, "U22_5", 6139.27, -2747.5, "B", "DIP", "U22_5", "", "C", 78.74, 78.74, 68.9, 348],
		[357, "U23_1", 6964.65, -2723.37, "B", "SMD", "COL6", "", "R", 98.42, 98.42, 0, 168],
		[358, "U23_1", 6823.02, -2692.24, "T", "DIP", "COL6", "", "C", 128, 128, 118.11, 168],
		[359, "U23_1", 6823.02, -2692.24, "B", "DIP", "COL6", "", "C", 128, 128, 118.11, 168],
		[360, "U23_2", 6410.6, -2706.88, "B", "SMD", "$1N4482", "", "R", 98.42, 98.42, 0, 168],
		[361, "U23_2", 6556.99, -2731.79, "T", "DIP", "$1N4482", "", "C", 128, 128, 118.11, 168],
		[362, "U23_2", 6556.99, -2731.79, "B", "DIP", "$1N4482", "", "C", 128, 128, 118.11, 168],
		[363, "U23_3", 6681.73, -2861.56, "T", "DIP", "U23_3", "", "C", 170, 170, 157.48, 348],
		[364, "U23_3", 6681.73, -2861.56, "B", "DIP", "U23_3", "", "C", 170, 170, 157.48, 348],
		[365, "U23_4", 6489.17, -2820.65, "T", "DIP", "U23_4", "", "C", 78.74, 78.74, 68.9, 348],
		[366, "U23_4", 6489.17, -2820.65, "B", "DIP", "U23_4", "", "C", 78.74, 78.74, 68.9, 348],
		[367, "U23_5", 6874.27, -2902.5, "T", "DIP", "U23_5", "", "C", 78.74, 78.74, 68.9, 348],
		[368, "U23_5", 6874.27, -2902.5, "B", "DIP", "U23_5", "", "C", 78.74, 78.74, 68.9, 348],
		[369, "U26_1", 2920.02, -2952.17, "B", "SMD", "COL1", "", "R", 98.42, 98.42, 0, 180],
		[370, "U26_1", 2775.02, -2951.17, "T", "DIP", "COL1", "", "C", 128, 128, 118.11, 180],
		[371, "U26_1", 2775.02, -2951.17, "B", "DIP", "COL1", "", "C", 128, 128, 118.11, 180],
		[372, "U26_2", 2374.65, -3051.24, "B", "SMD", "$1N4494", "", "R", 98.42, 98.42, 0, 180],
		[373, "U26_2", 2523.02, -3045.17, "T", "DIP", "$1N4494", "", "C", 128, 128, 118.11, 180],
		[374, "U26_2", 2523.02, -3045.17, "B", "DIP", "$1N4494", "", "C", 128, 128, 118.11, 180],
		[375, "U26_3", 2672.02, -3146.17, "T", "DIP", "U26_3", "", "C", 170, 170, 157.48, 0],
		[376, "U26_3", 2672.02, -3146.17, "B", "DIP", "U26_3", "", "C", 170, 170, 157.48, 0],
		[377, "U26_4", 2475.16, -3146.18, "T", "DIP", "U26_4", "", "C", 78.74, 78.74, 68.9, 0],
		[378, "U26_4", 2475.16, -3146.18, "B", "DIP", "U26_4", "", "C", 78.74, 78.74, 68.9, 0],
		[379, "U26_5", 2868.86, -3146.18, "T", "DIP", "U26_5", "", "C", 78.74, 78.74, 68.9, 0],
		[380, "U26_5", 2868.86, -3146.18, "B", "DIP", "U26_5", "", "C", 78.74, 78.74, 68.9, 0],
		[381, "U27_1", 4125.02, -2947.17, "B", "SMD", "COL2", "", "R", 98.42, 98.42, 0, 180],
		[382, "U27_1", 3980.02, -2946.17, "T", "DIP", "COL2", "", "C", 128, 128, 118.11, 180],
		[383, "U27_1", 3980.02, -2946.17, "B", "DIP", "COL2", "", "C", 128, 128, 118.11, 180],
		[384, "U27_2", 3579.65, -3046.24, "B", "SMD", "$1N4498", "", "R", 98.42, 98.42, 0, 180],
		[385, "U27_2", 3728.02, -3040.17, "T", "DIP", "$1N4498", "", "C", 128, 128, 118.11, 180],
		[386, "U27_2", 3728.02, -3040.17, "B", "DIP", "$1N4498", "", "C", 128, 128, 118.11, 180],
		[387, "U27_3", 3877.02, -3141.17, "T", "DIP", "U27_3", "", "C", 170, 170, 157.48, 0],
		[388, "U27_3", 3877.02, -3141.17, "B", "DIP", "U27_3", "", "C", 170, 170, 157.48, 0],
		[389, "U27_4", 3680.16, -3141.18, "T", "DIP", "U27_4", "", "C", 78.74, 78.74, 68.9, 0],
		[390, "U27_4", 3680.16, -3141.18, "B", "DIP", "U27_4", "", "C", 78.74, 78.74, 68.9, 0],
		[391, "U27_5", 4073.86, -3141.18, "T", "DIP", "U27_5", "", "C", 78.74, 78.74, 68.9, 0],
		[392, "U27_5", 4073.86, -3141.18, "B", "DIP", "U27_5", "", "C", 78.74, 78.74, 68.9, 0],
		[393, "U28_1", 4974.65, -3068.37, "B", "SMD", "COL3", "", "R", 98.42, 98.42, 0, 168],
		[394, "U28_1", 4833.02, -3037.24, "T", "DIP", "COL3", "", "C", 128, 128, 118.11, 168],
		[395, "U28_1", 4833.02, -3037.24, "B", "DIP", "COL3", "", "C", 128, 128, 118.11, 168],
		[396, "U28_2", 4420.6, -3051.88, "B", "SMD", "$1N4502", "", "R", 98.42, 98.42, 0, 168],
		[397, "U28_2", 4566.99, -3076.79, "T", "DIP", "$1N4502", "", "C", 128, 128, 118.11, 168],
		[398, "U28_2", 4566.99, -3076.79, "B", "DIP", "$1N4502", "", "C", 128, 128, 118.11, 168],
		[399, "U28_3", 4691.73, -3206.56, "T", "DIP", "U28_3", "", "C", 170, 170, 157.48, 348],
		[400, "U28_3", 4691.73, -3206.56, "B", "DIP", "U28_3", "", "C", 170, 170, 157.48, 348],
		[401, "U28_4", 4499.17, -3165.65, "T", "DIP", "U28_4", "", "C", 78.74, 78.74, 68.9, 348],
		[402, "U28_4", 4499.17, -3165.65, "B", "DIP", "U28_4", "", "C", 78.74, 78.74, 68.9, 348],
		[403, "U28_5", 4884.27, -3247.5, "T", "DIP", "U28_5", "", "C", 78.74, 78.74, 68.9, 348],
		[404, "U28_5", 4884.27, -3247.5, "B", "DIP", "U28_5", "", "C", 78.74, 78.74, 68.9, 348],
		[405, "U29_1", 5704.65, -3228.37, "B", "SMD", "COL4", "", "R", 98.42, 98.42, 0, 168],
		[406, "U29_1", 5563.02, -3197.24, "T", "DIP", "COL4", "", "C", 128, 128, 118.11, 168],
		[407, "U29_1", 5563.02, -3197.24, "B", "DIP", "COL4", "", "C", 128, 128, 118.11, 168],
		[408, "U29_2", 5150.6, -3211.88, "B", "SMD", "$1N4506", "", "R", 98.42, 98.42, 0, 168],
		[409, "U29_2", 5296.99, -3236.79, "T", "DIP", "$1N4506", "", "C", 128, 128, 118.11, 168],
		[410, "U29_2", 5296.99, -3236.79, "B", "DIP", "$1N4506", "", "C", 128, 128, 118.11, 168],
		[411, "U29_3", 5421.73, -3366.56, "T", "DIP", "U29_3", "", "C", 170, 170, 157.48, 348],
		[412, "U29_3", 5421.73, -3366.56, "B", "DIP", "U29_3", "", "C", 170, 170, 157.48, 348],
		[413, "U29_4", 5229.17, -3325.65, "T", "DIP", "U29_4", "", "C", 78.74, 78.74, 68.9, 348],
		[414, "U29_4", 5229.17, -3325.65, "B", "DIP", "U29_4", "", "C", 78.74, 78.74, 68.9, 348],
		[415, "U29_5", 5614.27, -3407.5, "T", "DIP", "U29_5", "", "C", 78.74, 78.74, 68.9, 348],
		[416, "U29_5", 5614.27, -3407.5, "B", "DIP", "U29_5", "", "C", 78.74, 78.74, 68.9, 348],
		[417, "U30_1", 6434.65, -3383.37, "B", "SMD", "COL5", "", "R", 98.42, 98.42, 0, 168],
		[418, "U30_1", 6293.02, -3352.24, "T", "DIP", "COL5", "", "C", 128, 128, 118.11, 168],
		[419, "U30_1", 6293.02, -3352.24, "B", "DIP", "COL5", "", "C", 128, 128, 118.11, 168],
		[420, "U30_2", 5880.6, -3366.88, "B", "SMD", "$1N4510", "", "R", 98.42, 98.42, 0, 168],
		[421, "U30_2", 6026.99, -3391.79, "T", "DIP", "$1N4510", "", "C", 128, 128, 118.11, 168],
		[422, "U30_2", 6026.99, -3391.79, "B", "DIP", "$1N4510", "", "C", 128, 128, 118.11, 168],
		[423, "U30_3", 6151.73, -3521.56, "T", "DIP", "U30_3", "", "C", 170, 170, 157.48, 348],
		[424, "U30_3", 6151.73, -3521.56, "B", "DIP", "U30_3", "", "C", 170, 170, 157.48, 348],
		[425, "U30_4", 5959.17, -3480.65, "T", "DIP", "U30_4", "", "C", 78.74, 78.74, 68.9, 348],
		[426, "U30_4", 5959.17, -3480.65, "B", "DIP", "U30_4", "", "C", 78.74, 78.74, 68.9, 348],
		[427, "U30_5", 6344.27, -3562.5, "T", "DIP", "U30_5", "", "C", 78.74, 78.74, 68.9, 348],
		[428, "U30_5", 6344.27, -3562.5, "B", "DIP", "U30_5", "", "C", 78.74, 78.74, 68.9, 348],
		[429, "U31_1", 7166.18, -3538.98, "B", "SMD", "COL6", "", "R", 98.42, 98.42, 0, 168],
		[430, "U31_1", 7024.56, -3507.86, "T", "DIP", "COL6", "", "C", 128, 128, 118.11, 168],
		[431, "U31_1", 7024.56, -3507.86, "B", "DIP", "COL6", "", "C", 128, 128, 118.11, 168],
		[432, "U31_2", 6612.13, -3522.5, "B", "SMD", "$1N4514", "", "R", 98.42, 98.42, 0, 168],
		[433, "U31_2", 6758.52, -3547.41, "T", "DIP", "$1N4514", "", "C", 128, 128, 118.11, 168],
		[434, "U31_2", 6758.52, -3547.41, "B", "DIP", "$1N4514", "", "C", 128, 128, 118.11, 168],
		[435, "U31_3", 6883.27, -3677.18, "T", "DIP", "U31_3", "", "C", 170, 170, 157.48, 348],
		[436, "U31_3", 6883.27, -3677.18, "B", "DIP", "U31_3", "", "C", 170, 170, 157.48, 348],
		[437, "U31_4", 6690.7, -3636.26, "T", "DIP", "U31_4", "", "C", 78.74, 78.74, 68.9, 348],
		[438, "U31_4", 6690.7, -3636.26, "B", "DIP", "U31_4", "", "C", 78.74, 78.74, 68.9, 348],
		[439, "U31_5", 7075.8, -3718.12, "T", "DIP", "U31_5", "", "C", 78.74, 78.74, 68.9, 348],
		[440, "U31_5", 7075.8, -3718.12, "B", "DIP", "U31_5", "", "C", 78.74, 78.74, 68.9, 348],
		[441, "U34_1", 2545.02, -3692.17, "B", "SMD", "COL1", "", "R", 98.42, 98.42, 0, 180],
		[442, "U34_1", 2400.02, -3691.17, "T", "DIP", "COL1", "", "C", 128, 128, 118.11, 180],
		[443, "U34_1", 2400.02, -3691.17, "B", "DIP", "COL1", "", "C", 128, 128, 118.11, 180],
		[444, "U34_2", 1999.65, -3791.24, "B", "SMD", "$1N4526", "", "R", 98.42, 98.42, 0, 180],
		[445, "U34_2", 2148.02, -3785.17, "T", "DIP", "$1N4526", "", "C", 128, 128, 118.11, 180],
		[446, "U34_2", 2148.02, -3785.17, "B", "DIP", "$1N4526", "", "C", 128, 128, 118.11, 180],
		[447, "U34_3", 2297.02, -3886.17, "T", "DIP", "U34_3", "", "C", 170, 170, 157.48, 0],
		[448, "U34_3", 2297.02, -3886.17, "B", "DIP", "U34_3", "", "C", 170, 170, 157.48, 0],
		[449, "U34_4", 2100.16, -3886.18, "T", "DIP", "U34_4", "", "C", 78.74, 78.74, 68.9, 0],
		[450, "U34_4", 2100.16, -3886.18, "B", "DIP", "U34_4", "", "C", 78.74, 78.74, 68.9, 0],
		[451, "U34_5", 2493.86, -3886.18, "T", "DIP", "U34_5", "", "C", 78.74, 78.74, 68.9, 0],
		[452, "U34_5", 2493.86, -3886.18, "B", "DIP", "U34_5", "", "C", 78.74, 78.74, 68.9, 0],
		[453, "U35_1", 3480.02, -3692.17, "B", "SMD", "COL2", "", "R", 98.42, 98.42, 0, 180],
		[454, "U35_1", 3335.02, -3691.17, "T", "DIP", "COL2", "", "C", 128, 128, 118.11, 180],
		[455, "U35_1", 3335.02, -3691.17, "B", "DIP", "COL2", "", "C", 128, 128, 118.11, 180],
		[456, "U35_2", 2934.65, -3791.24, "B", "SMD", "$1N4530", "", "R", 98.42, 98.42, 0, 180],
		[457, "U35_2", 3083.02, -3785.17, "T", "DIP", "$1N4530", "", "C", 128, 128, 118.11, 180],
		[458, "U35_2", 3083.02, -3785.17, "B", "DIP", "$1N4530", "", "C", 128, 128, 118.11, 180],
		[459, "U35_3", 3232.02, -3886.17, "T", "DIP", "U35_3", "", "C", 170, 170, 157.48, 0],
		[460, "U35_3", 3232.02, -3886.17, "B", "DIP", "U35_3", "", "C", 170, 170, 157.48, 0],
		[461, "U35_4", 3035.16, -3886.18, "T", "DIP", "U35_4", "", "C", 78.74, 78.74, 68.9, 0],
		[462, "U35_4", 3035.16, -3886.18, "B", "DIP", "U35_4", "", "C", 78.74, 78.74, 68.9, 0],
		[463, "U35_5", 3428.86, -3886.18, "T", "DIP", "U35_5", "", "C", 78.74, 78.74, 68.9, 0],
		[464, "U35_5", 3428.86, -3886.18, "B", "DIP", "U35_5", "", "C", 78.74, 78.74, 68.9, 0],
		[465, "U37_1", 5259.65, -3918.37, "B", "SMD", "COL4", "", "R", 98.42, 98.42, 0, 168],
		[466, "U37_1", 5118.02, -3887.24, "T", "DIP", "COL4", "", "C", 128, 128, 118.11, 168],
		[467, "U37_1", 5118.02, -3887.24, "B", "DIP", "COL4", "", "C", 128, 128, 118.11, 168],
		[468, "U37_2", 4705.6, -3901.88, "B", "SMD", "$1N4538", "", "R", 98.42, 98.42, 0, 168],
		[469, "U37_2", 4851.99, -3926.79, "T", "DIP", "$1N4538", "", "C", 128, 128, 118.11, 168],
		[470, "U37_2", 4851.99, -3926.79, "B", "DIP", "$1N4538", "", "C", 128, 128, 118.11, 168],
		[471, "U37_3", 4976.73, -4056.56, "T", "DIP", "U37_3", "", "C", 170, 170, 157.48, 348],
		[472, "U37_3", 4976.73, -4056.56, "B", "DIP", "U37_3", "", "C", 170, 170, 157.48, 348],
		[473, "U37_4", 4784.17, -4015.65, "T", "DIP", "U37_4", "", "C", 78.74, 78.74, 68.9, 348],
		[474, "U37_4", 4784.17, -4015.65, "B", "DIP", "U37_4", "", "C", 78.74, 78.74, 68.9, 348],
		[475, "U37_5", 5169.27, -4097.5, "T", "DIP", "U37_5", "", "C", 78.74, 78.74, 68.9, 348],
		[476, "U37_5", 5169.27, -4097.5, "B", "DIP", "U37_5", "", "C", 78.74, 78.74, 68.9, 348],
		[477, "U39_1", 6544.65, -4188.37, "B", "SMD", "COL6", "", "R", 98.42, 98.42, 0, 168],
		[478, "U39_1", 6403.02, -4157.24, "T", "DIP", "COL6", "", "C", 128, 128, 118.11, 168],
		[479, "U39_1", 6403.02, -4157.24, "B", "DIP", "COL6", "", "C", 128, 128, 118.11, 168],
		[480, "U39_2", 5990.6, -4171.88, "B", "SMD", "$1N4546", "", "R", 98.42, 98.42, 0, 168],
		[481, "U39_2", 6136.99, -4196.79, "T", "DIP", "$1N4546", "", "C", 128, 128, 118.11, 168],
		[482, "U39_2", 6136.99, -4196.79, "B", "DIP", "$1N4546", "", "C", 128, 128, 118.11, 168],
		[483, "U39_3", 6261.73, -4326.56, "T", "DIP", "U39_3", "", "C", 170, 170, 157.48, 348],
		[484, "U39_3", 6261.73, -4326.56, "B", "DIP", "U39_3", "", "C", 170, 170, 157.48, 348],
		[485, "U39_4", 6069.17, -4285.65, "T", "DIP", "U39_4", "", "C", 78.74, 78.74, 68.9, 348],
		[486, "U39_4", 6069.17, -4285.65, "B", "DIP", "U39_4", "", "C", 78.74, 78.74, 68.9, 348],
		[487, "U39_5", 6454.27, -4367.5, "T", "DIP", "U39_5", "", "C", 78.74, 78.74, 68.9, 348],
		[488, "U39_5", 6454.27, -4367.5, "B", "DIP", "U39_5", "", "C", 78.74, 78.74, 68.9, 348]
	]
}
}